group	x	y	showSelected1
1	4630	24	83
1	4630	24	251
1	4630	24	63
1	4630	24	170
1	4630	24	156
1	4630	24	126
1	4630	24	17
1	4630	24	222
1	4630	24	242
1	4630	24	91
1	4630	24	404
1	4630	24	307
2	4680	24	17
2	4680	24	126
2	4680	24	91
2	4680	24	375
2	4680	24	18
2	4680	24	404
2	4680	24	377
2	4680	24	392
2	4680	24	220
2	4680	24	172
3	4680	74	17
3	4680	74	295
3	4680	74	110
3	4680	74	289
3	4680	74	279
3	4680	74	187
3	4680	74	32
3	4680	74	375
3	4680	74	38
3	4680	74	225
3	4680	74	18
3	4680	74	364
6	4730	74	32
6	4730	74	187
6	4730	74	131
6	4730	74	115
6	4730	74	180
6	4730	74	18
6	4730	74	66
6	4730	74	17
6	4730	74	46
6	4730	74	132
6	4730	74	45
6	4730	74	239
6	4730	74	8
6	4730	74	359
5	4730	124	32
5	4730	124	358
5	4730	124	280
5	4730	124	46
5	4730	124	145
5	4730	124	206
5	4730	124	342
5	4730	124	89
5	4730	124	164
5	4730	124	328
5	4730	124	131
5	4730	124	115
5	4730	124	189
5	4730	124	45
5	4730	124	180
8	4780	124	145
8	4780	124	341
8	4780	124	164
8	4780	124	89
8	4780	124	46
8	4780	124	381
8	4780	124	130
8	4780	124	350
8	4780	124	5
8	4780	124	45
8	4780	124	146
8	4780	124	43
8	4780	124	69
8	4780	124	384
8	4780	124	50
8	4780	124	191
8	4780	124	82
8	4780	124	274
8	4780	124	366
8	4780	124	212
8	4780	124	28
9	4780	174	145
9	4780	174	46
9	4780	174	5
9	4780	174	411
9	4780	174	76
9	4780	174	23
9	4780	174	31
9	4780	174	153
9	4780	174	98
9	4780	174	124
9	4780	174	130
9	4780	174	104
9	4780	174	398
9	4780	174	270
9	4780	174	35
9	4780	174	401
9	4780	174	10
9	4780	174	325
9	4780	174	146
13	4830	174	31
13	4830	174	245
13	4830	174	119
13	4830	174	3
13	4830	174	57
13	4830	174	153
13	4830	174	182
13	4830	174	56
13	4830	174	229
13	4830	174	14
13	4830	174	308
13	4830	174	41
13	4830	174	11
13	4830	174	365
13	4830	174	35
13	4830	174	204
13	4830	174	76
13	4830	174	10
13	4830	174	292
13	4830	174	313
13	4830	174	374
13	4830	174	46
13	4830	174	233
13	4830	174	24
13	4830	174	385
13	4830	174	352
13	4830	174	202
13	4830	174	332
13	4830	174	146
13	4830	174	314
13	4830	174	190
13	4830	174	254
13	4830	174	175
13	4830	174	310
13	4830	174	331
13	4830	174	244
13	4830	174	116
13	4830	174	234
13	4830	174	213
13	4830	174	21
13	4830	174	72
13	4830	174	15
13	4830	174	108
13	4830	174	263
13	4830	174	125
13	4830	174	75
13	4830	174	306
13	4830	174	235
13	4830	174	286
13	4830	174	330
13	4830	174	149
13	4830	174	232
13	4830	174	163
13	4830	174	1
13	4830	174	159
14	4830	224	245
14	4830	224	14
14	4830	224	354
14	4830	224	88
14	4830	224	29
14	4830	224	11
14	4830	224	346
14	4830	224	226
14	4830	224	57
14	4830	224	3
14	4830	224	356
14	4830	224	238
14	4830	224	390
14	4830	224	240
14	4830	224	20
14	4830	224	320
14	4830	224	200
14	4830	224	246
14	4830	224	294
14	4830	224	117
14	4830	224	409
14	4830	224	78
14	4830	224	327
14	4830	224	265
14	4830	224	266
14	4830	224	360
14	4830	224	9
14	4830	224	250
14	4830	224	223
14	4830	224	244
19	4880	224	11
19	4880	224	20
19	4880	224	9
19	4880	224	337
19	4880	224	400
19	4880	224	278
19	4880	224	362
19	4880	224	336
19	4880	224	122
19	4880	224	257
19	4880	224	186
19	4880	224	244
19	4880	224	15
19	4880	224	151
19	4880	224	300
19	4880	224	247
19	4880	224	228
19	4880	224	319
19	4880	224	173
4	4730	24	17
4	4730	24	18
4	4730	24	187
4	4730	24	66
4	4730	24	8
4	4730	24	91
4	4730	24	55
4	4730	24	44
4	4730	24	339
4	4730	24	221
4	4730	24	102
4	4730	24	230
4	4730	24	209
10	4780	74	46
10	4780	74	45
10	4780	74	239
10	4780	74	66
10	4780	74	69
10	4780	74	34
10	4780	74	187
10	4780	74	287
10	4780	74	351
10	4780	74	277
10	4780	74	253
10	4780	74	28
10	4780	74	64
10	4780	74	65
10	4780	74	137
10	4780	74	87
12	4830	124	146
12	4830	124	46
12	4830	124	10
12	4830	124	43
12	4830	124	333
12	4830	124	3
12	4830	124	50
12	4830	124	53
12	4830	124	21
12	4830	124	28
12	4830	124	236
12	4830	124	4
12	4830	124	1
12	4830	124	168
12	4830	124	69
12	4830	124	397
12	4830	124	159
12	4830	124	166
12	4830	124	134
12	4830	124	136
12	4830	124	197
12	4830	124	135
18	4880	174	244
18	4880	174	11
18	4880	174	15
18	4880	174	309
18	4880	174	234
18	4880	174	391
18	4880	174	84
18	4880	174	157
18	4880	174	376
18	4880	174	214
18	4880	174	74
18	4880	174	75
18	4880	174	319
18	4880	174	370
18	4880	174	369
18	4880	174	21
18	4880	174	179
18	4880	174	402
18	4880	174	264
18	4880	174	163
18	4880	174	301
18	4880	174	192
18	4880	174	410
18	4880	174	368
18	4880	174	215
18	4880	174	403
18	4880	174	1
18	4880	174	196
18	4880	174	258
18	4880	174	99
18	4880	174	159
18	4880	174	58
18	4880	174	85
18	4880	174	154
18	4880	174	199
18	4880	174	305
18	4880	174	128
18	4880	174	412
18	4880	174	312
18	4880	174	249
18	4880	174	296
18	4880	174	13
18	4880	174	345
18	4880	174	16
18	4880	174	79
18	4880	174	413
18	4880	174	284
7	4780	24	66
7	4780	24	187
7	4780	24	8
7	4780	24	44
7	4780	24	64
7	4780	24	293
7	4780	24	379
7	4780	24	34
7	4780	24	407
7	4780	24	60
7	4780	24	302
7	4780	24	252
7	4780	24	353
7	4780	24	248
7	4780	24	237
7	4780	24	162
7	4780	24	275
7	4780	24	281
7	4780	24	318
7	4780	24	129
17	4880	124	159
17	4880	124	1
17	4880	124	166
17	4880	124	21
17	4880	124	168
17	4880	124	85
17	4880	124	136
17	4880	124	13
17	4880	124	16
17	4880	124	95
17	4880	124	97
17	4880	124	93
17	4880	124	386
17	4880	124	120
17	4880	124	197
17	4880	124	323
17	4880	124	326
17	4880	124	259
17	4880	124	317
17	4880	124	303
17	4880	124	171
17	4880	124	380
17	4880	124	304
17	4880	124	322
17	4880	124	4
17	4880	124	393
17	4880	124	135
17	4880	124	276
17	4880	124	283
17	4880	124	113
17	4880	124	324
17	4880	124	219
17	4880	124	348
17	4880	124	118
17	4880	124	100
17	4880	124	195
17	4880	124	86
17	4880	124	371
17	4880	124	260
17	4880	124	311
17	4880	124	227
17	4880	124	94
17	4880	124	373
17	4880	124	224
17	4880	124	51
17	4880	124	408
17	4880	124	19
15	4830	74	28
15	4830	74	69
15	4830	74	137
15	4830	74	106
15	4830	74	65
15	4830	74	167
15	4830	74	133
15	4830	74	4
15	4830	74	33
15	4830	74	34
15	4830	74	1
15	4830	74	87
15	4830	74	389
15	4830	74	211
15	4830	74	161
15	4830	74	68
15	4830	74	188
15	4830	74	344
15	4830	74	187
15	4830	74	52
15	4830	74	155
15	4830	74	285
15	4830	74	372
15	4830	74	361
15	4830	74	210
15	4830	74	217
15	4830	74	355
15	4830	74	282
15	4830	74	59
15	4830	74	81
15	4830	74	127
23	4930	174	1
23	4930	174	15
23	4930	174	335
23	4930	174	79
23	4930	174	16
23	4930	174	144
23	4930	174	139
23	4930	174	152
23	4930	174	138
11	4830	24	187
11	4830	24	34
11	4830	24	33
11	4830	24	65
11	4830	24	8
11	4830	24	26
11	4830	24	129
11	4830	24	181
11	4830	24	127
11	4830	24	176
11	4830	24	40
11	4830	24	73
11	4830	24	387
11	4830	24	329
11	4830	24	37
11	4830	24	143
11	4830	24	101
11	4830	24	141
11	4830	24	316
11	4830	24	255
20	4880	74	4
20	4880	74	135
20	4880	74	188
20	4880	74	315
20	4880	74	93
20	4880	74	399
20	4880	74	241
20	4880	74	33
20	4880	74	59
20	4880	74	51
20	4880	74	62
20	4880	74	81
20	4880	74	406
20	4880	74	19
20	4880	74	16
20	4880	74	37
22	4930	124	16
22	4930	124	1
22	4930	124	311
22	4930	124	139
22	4930	124	138
22	4930	124	27
22	4930	124	114
22	4930	124	19
22	4930	124	22
22	4930	124	185
22	4930	124	256
22	4930	124	288
22	4930	124	7
22	4930	124	267
22	4930	124	394
22	4930	124	357
22	4930	124	178
22	4930	124	160
22	4930	124	107
22	4930	124	367
22	4930	124	6
22	4930	124	203
22	4930	124	201
22	4930	124	272
22	4930	124	349
16	4880	24	33
16	4880	24	81
16	4880	24	37
16	4880	24	343
16	4880	24	92
16	4880	24	255
16	4880	24	16
16	4880	24	271
16	4880	24	49
16	4880	24	207
16	4880	24	273
16	4880	24	2
16	4880	24	174
16	4880	24	123
16	4880	24	165
16	4880	24	388
16	4880	24	54
24	4930	74	19
24	4930	74	16
24	4930	74	22
24	4930	74	62
24	4930	74	107
24	4930	74	33
24	4930	74	6
24	4930	74	334
24	4930	74	297
24	4930	74	121
24	4930	74	36
26	4980	124	139
26	4980	124	160
26	4980	124	203
26	4980	124	6
26	4980	124	22
26	4980	124	208
21	4930	24	16
21	4930	24	33
21	4930	24	2
21	4930	24	54
21	4930	24	184
21	4930	24	22
21	4930	24	262
21	4930	24	25
21	4930	24	142
21	4930	24	70
21	4930	24	150
21	4930	24	405
21	4930	24	383
21	4930	24	109
27	4980	74	6
27	4980	74	22
27	4980	74	36
27	4980	74	121
27	4980	74	382
27	4980	74	268
27	4980	74	395
27	4980	74	147
27	4980	74	321
27	4980	74	67
27	4980	74	194
27	4980	74	340
27	4980	74	205
27	4980	74	48
25	4980	24	22
25	4980	24	16
25	4980	24	2
25	4980	24	36
25	4980	24	90
25	4980	24	6
25	4980	24	96
25	4980	24	42
25	4980	24	218
25	4980	24	177
25	4980	24	169
25	4980	24	216
25	4980	24	12
25	4980	24	105
25	4980	24	347
25	4980	24	243
25	4980	24	140
25	4980	24	231
25	4980	24	71
29	5030	74	6
29	5030	74	48
29	5030	74	77
29	5030	74	36
28	5030	24	36
28	5030	24	6
28	5030	24	269
28	5030	24	298
28	5030	24	12
28	5030	24	140
28	5030	24	183
28	5030	24	111
28	5030	24	363
28	5030	24	71
28	5030	24	158
28	5030	24	39
28	5030	24	290
28	5030	24	261
28	5030	24	148
28	5030	24	193
28	5030	24	396
28	5030	24	299
28	5030	24	112
28	5030	24	103
28	5030	24	291
28	5030	24	80
28	5030	24	198
28	5030	24	338
28	5030	24	30
30	5080	24	36
30	5080	24	39
30	5080	24	30
30	5080	24	61
30	5080	24	47
30	5080	24	378
