group	x	y	clickSelects
383	-44.25	40.75	32
383	-44.25	41.25	32
383	-39.75	45.75	32
383	-38.75	45.75	32
383	-38.75	46.75	32
383	-38.25	47.25	32
383	-37.25	47.25	32
383	-37.25	48.25	32
383	-36.75	48.75	32
383	-31.25	48.75	32
383	-30.25	47.75	32
383	-30.25	47.25	32
383	-30.75	46.75	32
383	-30.75	44.75	32
383	-31.25	44.75	32
383	-31.75	45.25	32
383	-33.25	45.25	32
383	-33.75	44.75	32
383	-33.75	44.25	32
383	-31.75	44.25	32
383	-31.75	43.75	32
383	-32.25	43.25	32
383	-33.25	43.25	32
383	-33.25	41.25	32
383	-33.75	41.25	32
383	-34.25	41.75	32
383	-34.75	41.75	32
383	-35.25	41.25	32
383	-35.25	40.25	32
383	-36.25	40.25	32
383	-36.25	39.75	32
383	-35.75	39.25	32
383	-35.75	38.75	32
383	-36.75	38.75	32
383	-36.75	37.25	32
383	-34.75	35.25	32
383	-34.75	34.75	32
383	-36.25	34.75	32
383	-36.25	35.75	32
383	-36.75	36.25	32
383	-37.25	36.25	32
383	-38.75	34.75	32
383	-38.75	32.75	32
383	-39.25	32.75	32
383	-39.75	33.25	32
383	-40.25	33.25	32
383	-40.75	32.75	32
383	-40.75	32.25	32
383	-39.75	32.25	32
383	-39.75	31.25	32
383	-39.25	30.75	32
383	-39.25	28.75	32
383	-36.25	25.75	32
383	-36.25	24.25	32
383	-37.25	23.25	32
383	-38.25	23.25	32
383	-38.75	22.75	32
383	-39.75	22.75	32
383	-39.75	22.25	32
383	-39.25	21.75	32
383	-39.25	21.25	32
383	-39.75	21.25	32
383	-40.75	22.25	32
383	-42.25	22.25	32
383	-42.75	21.75	32
383	-44.25	21.75	32
383	-44.75	22.25	32
383	-44.75	39.75	32
383	-44.25	40.25	32
383	-44.25	40.75	32
384	-28.75	48.25	32
384	-28.75	48.75	32
384	-23.25	48.75	32
384	-23.25	47.75	32
384	-22.75	47.25	32
384	-22.75	46.75	32
384	-23.25	46.25	32
384	-23.25	45.75	32
384	-22.75	45.75	32
384	-22.25	46.25	32
384	-21.75	46.25	32
384	-21.75	45.25	32
384	-20.75	45.25	32
384	-20.75	44.75	32
384	-21.75	43.75	32
384	-21.75	43.25	32
384	-20.75	43.25	32
384	-20.25	42.75	32
384	-20.25	41.75	32
384	-19.75	41.75	32
384	-19.25	42.25	32
384	-19.25	43.25	32
384	-18.75	43.25	32
384	-16.75	41.25	32
384	-16.25	41.25	32
384	-15.75	41.75	32
384	-15.25	41.75	32
384	-14.75	41.25	32
384	-14.75	40.25	32
384	-14.25	39.75	32
384	-13.25	39.75	32
384	-13.25	39.25	32
384	-13.75	38.75	32
384	-13.75	38.25	32
384	-12.75	38.25	32
384	-11.75	37.25	32
384	-10.75	37.25	32
384	-10.75	36.75	32
384	-11.75	35.75	32
384	-12.25	35.75	32
384	-12.75	36.25	32
384	-12.75	37.25	32
384	-13.75	37.25	32
384	-15.25	38.75	32
384	-15.25	39.75	32
384	-15.75	40.25	32
384	-16.75	40.25	32
384	-18.25	41.75	32
384	-18.75	41.75	32
384	-18.75	39.75	32
384	-19.25	39.75	32
384	-21.25	41.75	32
384	-21.75	41.75	32
384	-22.25	41.25	32
384	-22.25	40.75	32
384	-21.75	40.25	32
384	-20.75	40.25	32
384	-20.25	39.75	32
384	-20.25	38.75	32
384	-19.25	38.75	32
384	-19.25	38.25	32
384	-19.75	37.75	32
384	-19.75	37.25	32
384	-19.25	37.25	32
384	-18.75	37.75	32
384	-17.25	37.75	32
384	-17.25	37.25	32
384	-18.25	36.25	32
384	-18.25	34.25	32
384	-18.75	33.75	32
384	-18.75	33.25	32
384	-17.75	33.25	32
384	-16.75	32.25	32
384	-16.75	31.75	32
384	-17.25	31.25	32
384	-17.25	30.75	32
384	-16.25	30.75	32
384	-15.75	30.25	32
384	-15.25	30.25	32
384	-15.25	30.75	32
384	-15.75	31.25	32
384	-15.75	31.75	32
384	-15.25	32.25	32
384	-14.75	32.25	32
384	-14.25	31.75	32
384	-13.75	31.75	32
384	-13.25	32.25	32
384	-12.25	32.25	32
384	-11.75	32.75	32
384	-10.75	32.75	32
384	-10.25	33.25	32
384	-10.25	33.75	32
384	-11.25	33.75	32
384	-11.25	34.25	32
384	-10.75	34.75	32
384	-10.75	35.75	32
384	-9.75	35.75	32
384	-9.25	36.25	32
384	-9.25	37.25	32
384	-7.75	37.25	32
384	-7.25	36.75	32
384	-6.75	36.75	32
384	-6.75	37.25	32
384	-8.75	39.25	32
384	-8.75	39.75	32
384	-7.75	39.75	32
384	-7.75	40.75	32
384	-7.25	40.75	32
384	-6.25	39.75	32
384	-5.75	39.75	32
384	-5.75	42.75	32
384	-5.25	42.75	32
384	-4.25	41.75	32
384	-3.75	41.75	32
384	-3.75	43.75	32
384	-3.25	44.25	32
384	-3.25	44.75	32
384	-4.25	44.75	32
384	-4.25	45.75	32
384	-4.75	46.25	32
384	-4.75	46.75	32
384	-3.75	47.75	32
384	-3.25	47.75	32
384	-2.75	47.25	32
384	-2.75	46.75	32
384	-3.75	46.75	32
384	-3.75	46.25	32
384	-3.25	45.75	32
384	-2.75	45.75	32
384	-1.75	46.75	32
384	-1.25	46.75	32
384	-0.25	45.75	32
384	0.25	45.75	32
384	0.25	46.25	32
384	-0.75	47.25	32
384	-0.75	48.75	32
384	0.75	48.75	32
384	1.25	48.25	32
384	1.25	47.75	32
384	0.75	47.25	32
384	0.75	46.75	32
384	1.75	46.75	32
384	3.75	44.75	32
384	3.75	44.25	32
384	1.25	44.25	32
384	0.75	44.75	32
384	0.25	44.75	32
384	0.25	43.75	32
384	-1.25	42.25	32
384	-1.25	41.25	32
384	-2.25	41.25	32
384	-3.25	40.25	32
384	-3.25	39.25	32
384	-3.75	39.25	32
384	-4.25	39.75	32
384	-4.75	39.75	32
384	-4.75	39.25	32
384	-2.75	37.25	32
384	-2.75	36.75	32
384	-3.25	36.75	32
384	-3.75	37.25	32
384	-4.25	37.25	32
384	-4.25	36.75	32
384	-3.25	35.75	32
384	-2.25	35.75	32
384	-2.25	35.25	32
384	-3.25	34.25	32
384	-3.25	32.75	32
384	-2.75	32.75	32
384	-2.25	33.25	32
384	-1.25	33.25	32
384	-0.75	33.75	32
384	-0.75	34.75	32
384	-0.25	34.75	32
384	0.25	34.25	32
384	0.25	33.25	32
384	0.75	32.75	32
384	0.75	31.75	32
384	1.75	31.75	32
384	1.75	29.75	32
384	2.25	29.25	32
384	2.25	28.75	32
384	1.75	28.25	32
384	1.75	27.25	32
384	-1.75	27.25	32
384	-1.75	27.75	32
384	-0.75	28.75	32
384	0.25	28.75	32
384	0.25	29.25	32
384	-0.25	29.75	32
384	-0.75	29.75	32
384	-2.25	28.25	32
384	-3.75	28.25	32
384	-3.75	29.25	32
384	-4.25	29.25	32
384	-5.25	28.25	32
384	-5.75	28.25	32
384	-6.25	28.75	32
384	-6.75	28.75	32
384	-7.25	28.25	32
384	-8.25	28.25	32
384	-8.25	27.75	32
384	-7.25	26.75	32
384	-7.25	26.25	32
384	-10.25	26.25	32
384	-10.75	25.75	32
384	-11.75	25.75	32
384	-12.25	25.25	32
384	-12.75	25.25	32
384	-12.75	25.75	32
384	-12.25	26.25	32
384	-12.25	26.75	32
384	-13.25	26.75	32
384	-13.25	27.75	32
384	-13.75	27.75	32
384	-14.25	27.25	32
384	-16.25	27.25	32
384	-16.25	26.25	32
384	-16.75	25.75	32
384	-16.75	24.75	32
384	-17.25	24.25	32
384	-18.25	24.25	32
384	-18.25	23.75	32
384	-17.75	23.25	32
384	-17.75	22.75	32
384	-19.25	22.75	32
384	-19.75	23.25	32
384	-19.75	23.75	32
384	-19.25	24.25	32
384	-19.25	24.75	32
384	-19.75	24.75	32
384	-20.25	24.25	32
384	-20.75	24.25	32
384	-20.75	26.25	32
384	-21.75	27.25	32
384	-22.25	27.25	32
384	-22.25	26.25	32
384	-22.75	26.25	32
384	-23.25	26.75	32
384	-24.25	26.75	32
384	-25.25	27.75	32
384	-25.25	28.25	32
384	-24.75	28.75	32
384	-24.75	29.25	32
384	-25.25	29.25	32
384	-25.75	28.75	32
384	-26.75	28.75	32
384	-27.25	28.25	32
384	-27.75	28.25	32
384	-27.75	29.25	32
384	-28.25	29.25	32
384	-28.75	28.75	32
384	-29.75	28.75	32
384	-29.75	27.75	32
384	-30.25	27.25	32
384	-31.75	27.25	32
384	-31.75	27.75	32
384	-31.25	28.25	32
384	-31.25	28.75	32
384	-33.25	28.75	32
384	-33.25	29.25	32
384	-32.25	30.25	32
384	-32.25	30.75	32
384	-32.75	30.75	32
384	-33.75	29.75	32
384	-34.25	29.75	32
384	-34.25	30.25	32
384	-33.75	30.75	32
384	-33.75	31.25	32
384	-34.25	31.75	32
384	-34.25	32.25	32
384	-33.25	32.25	32
384	-33.25	34.25	32
384	-32.75	34.75	32
384	-32.75	35.75	32
384	-31.75	36.75	32
384	-30.75	36.75	32
384	-30.25	37.25	32
384	-29.25	37.25	32
384	-28.75	37.75	32
384	-27.75	37.75	32
384	-26.75	38.75	32
384	-26.75	40.25	32
384	-27.25	40.25	32
384	-27.75	39.75	32
384	-28.25	39.75	32
384	-28.75	40.25	32
384	-28.75	40.75	32
384	-28.25	41.25	32
384	-28.25	41.75	32
384	-28.75	41.75	32
384	-29.25	41.25	32
384	-30.75	41.25	32
384	-30.75	41.75	32
384	-29.75	42.75	32
384	-27.75	42.75	32
384	-27.25	43.25	32
384	-27.25	43.75	32
384	-27.75	44.25	32
384	-28.75	44.25	32
384	-28.75	44.75	32
384	-28.25	45.25	32
384	-28.25	45.75	32
384	-29.25	45.75	32
384	-29.75	46.25	32
384	-29.75	46.75	32
384	-28.75	46.75	32
384	-28.75	48.25	32
385	-44.75	20.25	32
385	-44.75	20.75	32
385	-44.25	20.75	32
385	-43.25	19.75	32
385	-43.25	19.25	32
385	-43.75	19.25	32
385	-44.75	20.25	32
182	-30.75	48.25	187
182	-30.75	48.75	187
182	-29.25	48.75	187
182	-28.75	48.25	187
182	-28.75	46.75	187
182	-29.75	46.75	187
182	-29.75	46.25	187
182	-29.25	45.75	187
182	-28.25	45.75	187
182	-28.25	45.25	187
182	-28.75	44.75	187
182	-28.75	44.25	187
182	-27.75	44.25	187
182	-27.25	43.75	187
182	-27.25	43.25	187
182	-27.75	42.75	187
182	-29.75	42.75	187
182	-30.75	41.75	187
182	-30.75	41.25	187
182	-29.25	41.25	187
182	-28.75	41.75	187
182	-28.25	41.75	187
182	-28.25	41.25	187
182	-28.75	40.75	187
182	-28.75	40.25	187
182	-28.25	39.75	187
182	-27.75	39.75	187
182	-27.25	40.25	187
182	-26.75	40.25	187
182	-26.75	38.75	187
182	-27.75	37.75	187
182	-28.75	37.75	187
182	-29.25	37.25	187
182	-30.25	37.25	187
182	-30.75	36.75	187
182	-31.75	36.75	187
182	-32.75	35.75	187
182	-32.75	34.75	187
182	-33.25	34.25	187
182	-33.25	32.25	187
182	-34.25	32.25	187
182	-34.25	31.75	187
182	-33.75	31.25	187
182	-33.75	30.75	187
182	-34.25	30.25	187
182	-34.25	29.75	187
182	-33.75	29.75	187
182	-32.75	30.75	187
182	-32.25	30.75	187
182	-32.25	30.25	187
182	-33.25	29.25	187
182	-33.25	28.75	187
182	-31.25	28.75	187
182	-31.25	28.25	187
182	-31.75	27.75	187
182	-31.75	27.25	187
182	-30.25	27.25	187
182	-29.75	27.75	187
182	-29.75	28.75	187
182	-28.75	28.75	187
182	-28.25	29.25	187
182	-27.75	29.25	187
182	-27.75	28.25	187
182	-27.25	28.25	187
182	-26.75	28.75	187
182	-25.75	28.75	187
182	-25.25	29.25	187
182	-24.75	29.25	187
182	-24.75	28.75	187
182	-25.25	28.25	187
182	-25.25	27.75	187
182	-24.25	26.75	187
182	-23.25	26.75	187
182	-22.75	26.25	187
182	-22.25	26.25	187
182	-22.25	27.25	187
182	-21.75	27.25	187
182	-21.25	26.75	187
182	-21.25	26.25	187
182	-23.25	24.25	187
182	-23.75	24.25	187
182	-23.75	25.25	187
182	-24.25	25.25	187
182	-24.75	24.75	187
182	-25.25	24.75	187
182	-26.25	25.75	187
182	-26.25	26.75	187
182	-27.75	26.75	187
182	-27.75	25.25	187
182	-26.75	25.25	187
182	-26.75	24.75	187
182	-27.25	24.25	187
182	-27.25	23.75	187
182	-26.75	23.25	187
182	-26.25	23.25	187
182	-25.75	23.75	187
182	-24.25	23.75	187
182	-24.25	23.25	187
182	-24.75	22.75	187
182	-24.75	21.75	187
182	-25.75	21.75	187
182	-25.75	20.75	187
182	-26.75	20.75	187
182	-26.75	19.75	187
182	-27.75	19.75	187
182	-27.75	19.25	187
182	-27.25	18.75	187
182	-27.25	18.25	187
182	-28.25	18.25	187
182	-28.25	17.25	187
182	-28.75	16.75	187
182	-28.75	16.25	187
182	-28.25	15.75	187
182	-28.25	15.25	187
182	-28.75	15.25	187
182	-29.25	15.75	187
182	-29.75	15.75	187
182	-31.25	14.25	187
182	-31.75	14.25	187
182	-32.25	14.75	187
182	-32.25	15.25	187
182	-31.75	15.75	187
182	-31.75	16.25	187
182	-32.25	16.75	187
182	-33.25	16.75	187
182	-33.25	17.25	187
182	-32.25	18.25	187
182	-32.25	18.75	187
182	-32.75	18.75	187
182	-33.25	18.25	187
182	-34.25	18.25	187
182	-36.75	15.75	187
182	-38.75	15.75	187
182	-39.75	14.75	187
182	-39.75	14.25	187
182	-38.25	14.25	187
182	-37.75	14.75	187
182	-37.25	14.75	187
182	-36.75	14.25	187
182	-36.75	13.75	187
182	-37.25	13.25	187
182	-37.25	12.75	187
182	-36.75	12.25	187
182	-36.75	11.75	187
182	-37.25	11.25	187
182	-37.25	7.75	187
182	-36.75	7.25	187
182	-34.25	7.25	187
182	-34.25	9.25	187
182	-31.25	9.25	187
182	-30.25	10.25	187
182	-29.75	10.25	187
182	-29.75	9.25	187
182	-28.25	7.75	187
182	-27.75	7.75	187
182	-27.25	8.25	187
182	-26.75	8.25	187
182	-26.25	7.75	187
182	-26.25	6.75	187
182	-25.75	6.75	187
182	-25.25	7.25	187
182	-24.75	7.25	187
182	-23.25	5.75	187
182	-22.75	5.75	187
182	-22.25	6.25	187
182	-21.75	6.25	187
182	-21.25	5.75	187
182	-20.25	5.75	187
182	-19.75	5.25	187
182	-19.75	4.75	187
182	-20.75	3.75	187
182	-21.25	3.75	187
182	-22.25	4.75	187
182	-22.75	4.75	187
182	-22.75	4.25	187
182	-21.75	3.25	187
182	-21.75	2.25	187
182	-19.75	2.25	187
182	-19.25	1.75	187
182	-19.25	0.75	187
182	-18.25	0.75	187
182	-17.75	0.25	187
182	-17.75	-0.25	187
182	-18.25	-0.75	187
182	-34.75	-0.75	187
182	-36.25	0.75	187
182	-36.25	1.25	187
182	-35.75	1.25	187
182	-35.25	0.75	187
182	-34.75	0.75	187
182	-33.75	1.75	187
182	-33.75	2.25	187
182	-34.75	2.25	187
182	-34.75	3.25	187
182	-35.25	3.75	187
182	-35.25	4.75	187
182	-35.75	4.75	187
182	-36.25	4.25	187
182	-36.25	3.25	187
182	-37.75	3.25	187
182	-37.75	3.75	187
182	-37.25	4.25	187
182	-37.25	6.75	187
182	-37.75	7.25	187
182	-38.25	7.25	187
182	-39.75	5.75	187
182	-39.75	5.25	187
182	-38.75	5.25	187
182	-38.75	4.75	187
182	-39.25	4.25	187
182	-39.75	4.25	187
182	-40.25	4.75	187
182	-41.25	4.75	187
182	-42.25	5.75	187
182	-42.75	5.75	187
182	-43.25	5.25	187
182	-44.75	5.25	187
182	-44.75	7.75	187
182	-43.75	7.75	187
182	-43.75	8.75	187
182	-42.75	9.75	187
182	-42.75	10.25	187
182	-43.25	10.25	187
182	-43.75	9.75	187
182	-44.25	9.75	187
182	-44.25	10.75	187
182	-44.75	11.25	187
182	-44.75	11.75	187
182	-44.25	11.75	187
182	-43.75	11.25	187
182	-43.25	11.25	187
182	-42.25	12.25	187
182	-42.25	12.75	187
182	-44.25	12.75	187
182	-44.75	13.25	187
182	-44.75	19.75	187
182	-44.25	19.75	187
182	-43.75	19.25	187
182	-43.25	19.25	187
182	-43.25	19.75	187
182	-44.75	21.25	187
182	-44.75	21.75	187
182	-42.75	21.75	187
182	-42.25	22.25	187
182	-40.75	22.25	187
182	-39.75	21.25	187
182	-39.25	21.25	187
182	-39.25	21.75	187
182	-39.75	22.25	187
182	-39.75	22.75	187
182	-38.75	22.75	187
182	-38.25	23.25	187
182	-37.25	23.25	187
182	-36.25	24.25	187
182	-36.25	25.75	187
182	-39.25	28.75	187
182	-39.25	30.75	187
182	-39.75	31.25	187
182	-39.75	32.25	187
182	-40.75	32.25	187
182	-40.75	32.75	187
182	-40.25	33.25	187
182	-39.75	33.25	187
182	-39.25	32.75	187
182	-38.75	32.75	187
182	-38.75	34.75	187
182	-37.25	36.25	187
182	-36.75	36.25	187
182	-36.25	35.75	187
182	-36.25	34.75	187
182	-34.75	34.75	187
182	-34.75	35.25	187
182	-36.75	37.25	187
182	-36.75	38.75	187
182	-35.75	38.75	187
182	-35.75	39.25	187
182	-36.25	39.75	187
182	-36.25	40.25	187
182	-35.25	40.25	187
182	-35.25	41.25	187
182	-34.75	41.75	187
182	-34.25	41.75	187
182	-33.75	41.25	187
182	-33.25	41.25	187
182	-33.25	43.25	187
182	-32.25	43.25	187
182	-31.75	43.75	187
182	-31.75	44.25	187
182	-33.75	44.25	187
182	-33.75	44.75	187
182	-33.25	45.25	187
182	-31.75	45.25	187
182	-31.25	44.75	187
182	-30.75	44.75	187
182	-30.75	46.75	187
182	-30.25	47.25	187
182	-30.25	47.75	187
182	-30.75	48.25	187
186	-26.25	17.75	187
186	-26.25	18.25	187
186	-25.25	18.25	187
186	-25.25	19.25	187
186	-24.25	19.25	187
186	-23.25	20.25	187
186	-22.75	20.25	187
186	-22.75	19.75	187
186	-24.25	18.25	187
186	-24.25	16.75	187
186	-22.75	16.75	187
186	-22.25	17.25	187
186	-21.75	17.25	187
186	-21.75	16.25	187
186	-20.75	16.25	187
186	-20.75	15.75	187
186	-21.25	15.25	187
186	-21.25	14.75	187
186	-20.75	14.75	187
186	-20.25	15.25	187
186	-19.75	15.25	187
186	-19.25	14.75	187
186	-18.75	14.75	187
186	-18.75	15.25	187
186	-19.75	16.25	187
186	-19.75	16.75	187
186	-19.25	17.25	187
186	-18.75	17.25	187
186	-18.75	16.25	187
186	-17.75	16.25	187
186	-17.75	15.25	187
186	-17.25	15.25	187
186	-16.75	15.75	187
186	-16.25	15.75	187
186	-15.75	15.25	187
186	-15.75	14.75	187
186	-16.25	14.25	187
186	-16.25	12.25	187
186	-17.25	12.25	187
186	-18.25	11.25	187
186	-18.25	10.75	187
186	-17.75	10.25	187
186	-17.75	9.25	187
186	-16.25	9.25	187
186	-16.25	10.25	187
186	-15.75	10.25	187
186	-15.25	9.75	187
186	-14.75	9.75	187
186	-14.75	10.75	187
186	-14.25	10.75	187
186	-13.25	9.75	187
186	-13.25	9.25	187
186	-14.25	8.25	187
186	-14.25	6.75	187
186	-13.25	5.75	187
186	-12.75	5.75	187
186	-12.75	6.75	187
186	-12.25	7.25	187
186	-11.75	7.25	187
186	-11.25	6.75	187
186	-10.75	6.75	187
186	-10.75	8.75	187
186	-10.25	9.25	187
186	-10.25	9.75	187
186	-10.75	10.25	187
186	-10.75	10.75	187
186	-9.75	10.75	187
186	-8.75	11.75	187
186	-8.25	11.75	187
186	-8.25	11.25	187
186	-8.75	10.75	187
186	-8.75	10.25	187
186	-8.25	10.25	187
186	-7.75	10.75	187
186	-7.25	10.75	187
186	-7.25	9.25	187
186	-7.75	8.75	187
186	-7.75	7.25	187
186	-7.25	6.75	187
186	-7.25	5.25	187
186	-8.25	4.25	187
186	-8.25	3.75	187
186	-7.75	3.25	187
186	-7.25	3.25	187
186	-6.75	3.75	187
186	-6.25	3.75	187
186	-6.25	3.25	187
186	-6.75	2.75	187
186	-6.75	2.25	187
186	-5.75	1.25	187
186	-4.75	1.25	187
186	-4.75	0.75	187
186	-5.25	0.25	187
186	-5.25	-0.75	187
186	-9.75	-0.75	187
186	-10.25	-0.25	187
186	-11.25	-0.25	187
186	-11.75	0.25	187
186	-11.75	1.25	187
186	-12.75	1.25	187
186	-13.75	2.25	187
186	-14.25	2.25	187
186	-14.25	1.75	187
186	-13.75	1.25	187
186	-13.75	0.75	187
186	-14.25	0.25	187
186	-14.25	-0.75	187
186	-15.75	-0.75	187
186	-15.75	0.25	187
186	-17.25	1.75	187
186	-17.25	2.25	187
186	-16.75	2.75	187
186	-16.75	3.75	187
186	-14.75	5.75	187
186	-14.75	6.25	187
186	-15.25	6.75	187
186	-15.75	6.75	187
186	-15.75	5.75	187
186	-16.75	4.75	187
186	-17.25	4.75	187
186	-18.75	6.25	187
186	-19.75	6.25	187
186	-20.25	6.75	187
186	-21.25	6.75	187
186	-21.25	7.75	187
186	-22.25	8.75	187
186	-22.25	9.25	187
186	-21.25	9.25	187
186	-21.25	10.25	187
186	-20.25	10.25	187
186	-19.75	10.75	187
186	-19.75	11.25	187
186	-21.75	11.25	187
186	-21.75	11.75	187
186	-21.25	12.25	187
186	-21.25	12.75	187
186	-21.75	13.25	187
186	-22.75	13.25	187
186	-24.25	14.75	187
186	-25.25	14.75	187
186	-25.75	15.25	187
186	-25.75	15.75	187
186	-24.75	15.75	187
186	-24.75	16.25	187
186	-26.25	17.75	187
187	-16.75	-0.75	187
187	-16.75	-0.25	187
187	-16.25	-0.25	187
187	-16.25	-0.75	187
187	-16.75	-0.75	187
188	-10.75	4.25	187
188	-10.75	4.75	187
188	-9.25	6.25	187
188	-7.75	6.25	187
188	-7.75	5.75	187
188	-8.25	5.25	187
188	-9.25	5.25	187
188	-9.25	4.25	187
188	-10.75	4.25	187
189	1.25	11.25	187
189	1.25	11.75	187
189	2.25	11.75	187
189	2.75	12.25	187
189	3.25	12.25	187
189	3.25	11.25	187
189	4.25	11.25	187
189	4.25	10.25	187
189	4.75	9.75	187
189	4.75	8.25	187
189	3.75	8.25	187
189	3.75	6.75	187
189	4.75	6.75	187
189	4.75	3.25	187
189	4.25	2.75	187
189	4.25	1.75	187
189	3.75	1.25	187
189	3.75	0.75	187
189	4.75	0.75	187
189	4.75	0.25	187
189	3.75	-0.75	187
189	2.25	-0.75	187
189	2.25	-0.25	187
189	2.75	0.25	187
189	2.75	0.75	187
189	2.25	1.25	187
189	1.25	1.25	187
189	0.75	1.75	187
189	0.75	2.75	187
189	-0.75	2.75	187
189	-2.75	0.75	187
189	-2.75	0.25	187
189	-2.25	-0.25	187
189	-2.25	-0.75	187
189	-4.75	-0.75	187
189	-4.75	-0.25	187
189	-2.75	1.75	187
189	-2.75	2.25	187
189	-4.75	2.25	187
189	-4.75	2.75	187
189	-3.75	3.75	187
189	-3.25	3.75	187
189	-2.25	2.75	187
189	-1.75	2.75	187
189	-0.75	3.75	187
189	0.25	3.75	187
189	0.25	5.75	187
189	1.75	5.75	187
189	1.75	4.75	187
189	2.25	4.25	187
189	2.75	4.25	187
189	2.75	8.25	187
189	3.25	8.75	187
189	3.25	10.25	187
189	2.75	10.75	187
189	2.25	10.75	187
189	1.75	10.25	187
189	1.25	10.25	187
189	1.25	11.25	187
190	4.25	14.25	187
190	4.25	14.75	187
190	4.75	14.75	187
190	4.75	13.25	187
190	4.25	13.25	187
190	4.25	14.25	187
191	1.25	-0.75	187
191	1.25	-0.25	187
191	1.75	-0.25	187
191	1.75	-0.75	187
191	1.25	-0.75	187
72	-23.25	47.75	131
72	-23.25	48.25	131
72	-22.75	48.75	131
72	-21.25	48.75	131
72	-21.25	47.75	131
72	-20.25	46.75	131
72	-19.75	46.75	131
72	-19.75	47.75	131
72	-18.25	47.75	131
72	-18.25	45.25	131
72	-19.25	44.25	131
72	-19.25	42.25	131
72	-19.75	41.75	131
72	-20.25	41.75	131
72	-20.25	42.75	131
72	-20.75	43.25	131
72	-21.75	43.25	131
72	-21.75	43.75	131
72	-20.75	44.75	131
72	-20.75	45.25	131
72	-21.75	45.25	131
72	-21.75	46.25	131
72	-22.25	46.25	131
72	-22.75	45.75	131
72	-23.25	45.75	131
72	-23.25	46.25	131
72	-22.75	46.75	131
72	-22.75	47.25	131
72	-23.25	47.75	131
73	-15.75	48.25	131
73	-15.75	48.75	131
73	-14.25	48.75	131
73	-13.25	47.75	131
73	-13.25	46.25	131
73	-13.75	45.75	131
73	-14.25	45.75	131
73	-14.25	47.75	131
73	-15.25	47.75	131
73	-15.75	48.25	131
46	-21.25	47.75	115
46	-21.25	48.25	115
46	-20.75	48.75	115
46	-16.25	48.75	115
46	-15.25	47.75	115
46	-14.25	47.75	115
46	-14.25	45.75	115
46	-13.75	45.75	115
46	-13.25	46.25	115
46	-13.25	47.75	115
46	-13.75	48.25	115
46	-13.75	48.75	115
46	-10.25	48.75	115
46	-9.25	47.75	115
46	-8.25	47.75	115
46	-8.25	47.25	115
46	-9.25	46.25	115
46	-9.25	45.75	115
46	-7.75	44.25	115
46	-7.75	43.75	115
46	-8.25	43.25	115
46	-8.75	43.25	115
46	-8.75	44.25	115
46	-10.25	45.75	115
46	-10.75	45.75	115
46	-10.75	44.75	115
46	-11.25	44.75	115
46	-11.75	45.25	115
46	-12.25	45.25	115
46	-13.25	44.25	115
46	-13.75	44.25	115
46	-14.25	44.75	115
46	-15.25	44.75	115
46	-15.25	45.75	115
46	-16.75	45.75	115
46	-16.75	45.25	115
46	-15.75	44.25	115
46	-15.75	43.75	115
46	-16.25	43.75	115
46	-17.25	44.75	115
46	-17.75	44.75	115
46	-18.75	43.75	115
46	-19.25	43.75	115
46	-19.25	44.25	115
46	-18.25	45.25	115
46	-18.25	47.75	115
46	-19.75	47.75	115
46	-19.75	46.75	115
46	-20.25	46.75	115
46	-21.25	47.75	115
174	-22.25	40.75	180
174	-22.25	41.25	180
174	-21.75	41.75	180
174	-21.25	41.75	180
174	-19.25	39.75	180
174	-18.75	39.75	180
174	-18.75	41.75	180
174	-18.25	41.75	180
174	-16.75	40.25	180
174	-15.75	40.25	180
174	-15.25	39.75	180
174	-15.25	38.75	180
174	-13.75	37.25	180
174	-12.75	37.25	180
174	-12.75	36.25	180
174	-12.25	35.75	180
174	-11.75	35.75	180
174	-10.75	36.75	180
174	-10.75	37.25	180
174	-11.75	37.25	180
174	-12.75	38.25	180
174	-13.75	38.25	180
174	-13.75	38.75	180
174	-13.25	39.25	180
174	-13.25	39.75	180
174	-14.25	39.75	180
174	-14.75	40.25	180
174	-14.75	41.25	180
174	-15.25	41.75	180
174	-15.75	41.75	180
174	-16.25	41.25	180
174	-16.75	41.25	180
174	-18.75	43.25	180
174	-18.75	43.75	180
174	-17.75	44.75	180
174	-17.25	44.75	180
174	-16.25	43.75	180
174	-15.75	43.75	180
174	-15.75	44.25	180
174	-16.75	45.25	180
174	-16.75	45.75	180
174	-15.25	45.75	180
174	-15.25	44.75	180
174	-14.25	44.75	180
174	-13.75	44.25	180
174	-13.25	44.25	180
174	-12.25	45.25	180
174	-11.75	45.25	180
174	-11.25	44.75	180
174	-10.75	44.75	180
174	-10.75	45.75	180
174	-10.25	45.75	180
174	-8.75	44.25	180
174	-8.75	43.25	180
174	-8.25	43.25	180
174	-7.75	43.75	180
174	-7.75	44.25	180
174	-9.25	45.75	180
174	-9.25	46.25	180
174	-8.25	47.25	180
174	-8.25	47.75	180
174	-9.25	47.75	180
174	-9.75	48.25	180
174	-9.75	48.75	180
174	-1.25	48.75	180
174	-0.75	48.25	180
174	-0.75	47.25	180
174	0.25	46.25	180
174	0.25	45.75	180
174	-0.25	45.75	180
174	-1.25	46.75	180
174	-1.75	46.75	180
174	-2.75	45.75	180
174	-3.25	45.75	180
174	-3.75	46.25	180
174	-3.75	46.75	180
174	-2.75	46.75	180
174	-2.75	47.25	180
174	-3.25	47.75	180
174	-3.75	47.75	180
174	-4.75	46.75	180
174	-4.75	46.25	180
174	-4.25	45.75	180
174	-4.25	44.75	180
174	-3.25	44.75	180
174	-3.25	44.25	180
174	-3.75	43.75	180
174	-3.75	41.75	180
174	-4.25	41.75	180
174	-5.25	42.75	180
174	-5.75	42.75	180
174	-5.75	39.75	180
174	-6.25	39.75	180
174	-7.25	40.75	180
174	-7.75	40.75	180
174	-7.75	39.75	180
174	-8.75	39.75	180
174	-8.75	39.25	180
174	-6.75	37.25	180
174	-6.75	36.75	180
174	-7.25	36.75	180
174	-7.75	37.25	180
174	-9.25	37.25	180
174	-9.25	36.25	180
174	-9.75	35.75	180
174	-10.75	35.75	180
174	-10.75	34.75	180
174	-11.25	34.25	180
174	-11.25	33.75	180
174	-10.25	33.75	180
174	-10.25	33.25	180
174	-10.75	32.75	180
174	-11.75	32.75	180
174	-12.25	32.25	180
174	-13.25	32.25	180
174	-13.75	31.75	180
174	-14.25	31.75	180
174	-14.75	32.25	180
174	-15.25	32.25	180
174	-15.75	31.75	180
174	-15.75	31.25	180
174	-15.25	30.75	180
174	-15.25	30.25	180
174	-15.75	30.25	180
174	-16.25	30.75	180
174	-17.25	30.75	180
174	-17.25	31.25	180
174	-16.75	31.75	180
174	-16.75	32.25	180
174	-17.75	33.25	180
174	-18.75	33.25	180
174	-18.75	33.75	180
174	-18.25	34.25	180
174	-18.25	36.25	180
174	-17.25	37.25	180
174	-17.25	37.75	180
174	-18.75	37.75	180
174	-19.25	37.25	180
174	-19.75	37.25	180
174	-19.75	37.75	180
174	-19.25	38.25	180
174	-19.25	38.75	180
174	-20.25	38.75	180
174	-20.25	39.75	180
174	-20.75	40.25	180
174	-21.75	40.25	180
174	-22.25	40.75	180
170	-44.75	12.25	18
170	-44.75	12.75	18
170	-42.25	12.75	18
170	-42.25	12.25	18
170	-43.25	11.25	18
170	-43.75	11.25	18
170	-44.75	12.25	18
171	-44.75	10.25	18
171	-44.75	10.75	18
171	-44.25	10.75	18
171	-44.25	9.75	18
171	-43.75	9.75	18
171	-43.25	10.25	18
171	-42.75	10.25	18
171	-42.75	9.75	18
171	-43.75	8.75	18
171	-43.75	7.75	18
171	-44.25	7.75	18
171	-44.75	8.25	18
171	-44.75	10.25	18
172	-44.75	4.25	18
172	-44.75	4.75	18
172	-44.25	5.25	18
172	-43.25	5.25	18
172	-42.75	5.75	18
172	-42.25	5.75	18
172	-41.25	4.75	18
172	-40.25	4.75	18
172	-39.75	4.25	18
172	-39.25	4.25	18
172	-38.75	4.75	18
172	-38.75	5.25	18
172	-39.75	5.25	18
172	-39.75	5.75	18
172	-38.25	7.25	18
172	-37.75	7.25	18
172	-37.25	6.75	18
172	-37.25	4.25	18
172	-37.75	3.75	18
172	-37.75	3.25	18
172	-36.25	3.25	18
172	-36.25	4.25	18
172	-35.75	4.75	18
172	-35.25	4.75	18
172	-35.25	3.75	18
172	-34.75	3.25	18
172	-34.75	2.25	18
172	-33.75	2.25	18
172	-33.75	1.75	18
172	-34.75	0.75	18
172	-35.25	0.75	18
172	-35.75	1.25	18
172	-36.25	1.25	18
172	-36.25	0.75	18
172	-35.25	-0.25	18
172	-35.25	-0.75	18
172	-42.75	-0.75	18
172	-42.75	0.25	18
172	-43.75	1.25	18
172	-43.75	1.75	18
172	-42.75	2.75	18
172	-42.75	3.25	18
172	-43.25	3.75	18
172	-44.25	3.75	18
172	-44.75	4.25	18
173	-43.75	-0.75	18
173	-43.75	-0.25	18
173	-43.25	-0.25	18
173	-43.25	-0.75	18
173	-43.75	-0.75	18
605	-39.75	14.25	66
605	-39.75	14.75	66
605	-38.75	15.75	66
605	-36.75	15.75	66
605	-34.25	18.25	66
605	-33.25	18.25	66
605	-32.75	18.75	66
605	-32.25	18.75	66
605	-32.25	18.25	66
605	-33.25	17.25	66
605	-33.25	16.75	66
605	-32.25	16.75	66
605	-31.75	16.25	66
605	-31.75	15.75	66
605	-32.25	15.25	66
605	-32.25	14.75	66
605	-31.75	14.25	66
605	-31.25	14.25	66
605	-29.75	15.75	66
605	-29.25	15.75	66
605	-28.75	15.25	66
605	-28.25	15.25	66
605	-28.25	15.75	66
605	-28.75	16.25	66
605	-28.75	16.75	66
605	-28.25	17.25	66
605	-28.25	18.25	66
605	-27.25	18.25	66
605	-27.25	18.75	66
605	-27.75	19.25	66
605	-27.75	19.75	66
605	-26.75	19.75	66
605	-26.75	20.75	66
605	-25.75	20.75	66
605	-25.75	21.75	66
605	-24.75	21.75	66
605	-24.75	22.75	66
605	-24.25	23.25	66
605	-24.25	23.75	66
605	-25.75	23.75	66
605	-26.25	23.25	66
605	-26.75	23.25	66
605	-27.25	23.75	66
605	-27.25	24.25	66
605	-26.75	24.75	66
605	-26.75	25.25	66
605	-27.75	25.25	66
605	-27.75	26.75	66
605	-26.25	26.75	66
605	-26.25	25.75	66
605	-25.25	24.75	66
605	-24.75	24.75	66
605	-24.25	25.25	66
605	-23.75	25.25	66
605	-23.75	24.25	66
605	-23.25	24.25	66
605	-21.25	26.25	66
605	-20.75	26.25	66
605	-20.75	24.25	66
605	-20.25	24.25	66
605	-19.75	24.75	66
605	-19.25	24.75	66
605	-19.25	24.25	66
605	-19.75	23.75	66
605	-19.75	23.25	66
605	-19.25	22.75	66
605	-17.75	22.75	66
605	-17.75	23.25	66
605	-18.25	23.75	66
605	-18.25	24.25	66
605	-17.25	24.25	66
605	-16.75	24.75	66
605	-16.75	25.75	66
605	-16.25	26.25	66
605	-16.25	27.25	66
605	-14.25	27.25	66
605	-13.75	27.75	66
605	-13.25	27.75	66
605	-13.25	26.75	66
605	-12.25	26.75	66
605	-12.25	26.25	66
605	-12.75	25.75	66
605	-12.75	25.25	66
605	-12.25	25.25	66
605	-11.75	25.75	66
605	-11.25	25.75	66
605	-8.75	23.25	66
605	-8.25	23.25	66
605	-8.25	24.25	66
605	-7.75	24.75	66
605	-7.25	24.75	66
605	-7.25	23.75	66
605	-6.25	23.75	66
605	-5.75	23.25	66
605	-3.75	23.25	66
605	-3.75	22.75	66
605	-4.25	22.25	66
605	-5.25	22.25	66
605	-5.25	21.75	66
605	-4.75	21.25	66
605	-4.75	20.25	66
605	-3.75	20.25	66
605	-3.25	19.75	66
605	-1.25	19.75	66
605	-0.25	18.75	66
605	0.25	18.75	66
605	0.75	19.25	66
605	0.75	19.75	66
605	-0.25	19.75	66
605	-0.75	20.25	66
605	-0.75	21.25	66
605	-1.25	21.75	66
605	-2.25	21.75	66
605	-2.25	22.25	66
605	-1.75	22.75	66
605	-1.25	22.75	66
605	-0.75	22.25	66
605	-0.25	22.25	66
605	-0.25	22.75	66
605	-0.75	23.25	66
605	-0.75	23.75	66
605	-0.25	24.25	66
605	1.25	24.25	66
605	1.75	23.75	66
605	2.25	23.75	66
605	2.75	24.25	66
605	3.75	24.25	66
605	3.75	26.25	66
605	4.25	26.75	66
605	4.75	26.75	66
605	4.75	15.25	66
605	4.25	14.75	66
605	4.25	13.25	66
605	4.75	12.75	66
605	4.75	10.25	66
605	4.25	10.25	66
605	4.25	11.25	66
605	3.25	11.25	66
605	3.25	12.25	66
605	2.75	12.25	66
605	2.25	11.75	66
605	1.25	11.75	66
605	1.25	10.25	66
605	1.75	10.25	66
605	2.25	10.75	66
605	2.75	10.75	66
605	3.25	10.25	66
605	3.25	8.75	66
605	2.75	8.25	66
605	2.75	4.25	66
605	2.25	4.25	66
605	1.75	4.75	66
605	1.75	5.75	66
605	0.25	5.75	66
605	0.25	3.75	66
605	-0.75	3.75	66
605	-1.75	2.75	66
605	-2.25	2.75	66
605	-3.25	3.75	66
605	-3.75	3.75	66
605	-4.75	2.75	66
605	-4.75	2.25	66
605	-2.75	2.25	66
605	-2.75	1.75	66
605	-4.75	-0.25	66
605	-5.25	-0.25	66
605	-5.25	0.25	66
605	-4.75	0.75	66
605	-4.75	1.25	66
605	-5.75	1.25	66
605	-6.75	2.25	66
605	-6.75	2.75	66
605	-6.25	3.25	66
605	-6.25	3.75	66
605	-6.75	3.75	66
605	-7.25	3.25	66
605	-7.75	3.25	66
605	-8.25	3.75	66
605	-8.25	4.25	66
605	-7.25	5.25	66
605	-7.25	6.75	66
605	-7.75	7.25	66
605	-7.75	8.75	66
605	-7.25	9.25	66
605	-7.25	10.75	66
605	-7.75	10.75	66
605	-8.25	10.25	66
605	-8.75	10.25	66
605	-8.75	10.75	66
605	-8.25	11.25	66
605	-8.25	11.75	66
605	-8.75	11.75	66
605	-9.75	10.75	66
605	-10.75	10.75	66
605	-10.75	10.25	66
605	-10.25	9.75	66
605	-10.25	9.25	66
605	-10.75	8.75	66
605	-10.75	6.75	66
605	-11.25	6.75	66
605	-11.75	7.25	66
605	-12.25	7.25	66
605	-12.75	6.75	66
605	-12.75	5.75	66
605	-13.25	5.75	66
605	-14.25	6.75	66
605	-14.25	8.25	66
605	-13.25	9.25	66
605	-13.25	9.75	66
605	-14.25	10.75	66
605	-14.75	10.75	66
605	-14.75	9.75	66
605	-15.25	9.75	66
605	-15.75	10.25	66
605	-16.25	10.25	66
605	-16.25	9.25	66
605	-17.75	9.25	66
605	-17.75	10.25	66
605	-18.25	10.75	66
605	-18.25	11.25	66
605	-17.25	12.25	66
605	-16.25	12.25	66
605	-16.25	14.25	66
605	-15.75	14.75	66
605	-15.75	15.25	66
605	-16.25	15.75	66
605	-16.75	15.75	66
605	-17.25	15.25	66
605	-17.75	15.25	66
605	-17.75	16.25	66
605	-18.75	16.25	66
605	-18.75	17.25	66
605	-19.25	17.25	66
605	-19.75	16.75	66
605	-19.75	16.25	66
605	-18.75	15.25	66
605	-18.75	14.75	66
605	-19.25	14.75	66
605	-19.75	15.25	66
605	-20.25	15.25	66
605	-20.75	14.75	66
605	-21.25	14.75	66
605	-21.25	15.25	66
605	-20.75	15.75	66
605	-20.75	16.25	66
605	-21.75	16.25	66
605	-21.75	17.25	66
605	-22.25	17.25	66
605	-22.75	16.75	66
605	-24.25	16.75	66
605	-24.25	18.25	66
605	-22.75	19.75	66
605	-22.75	20.25	66
605	-23.25	20.25	66
605	-24.25	19.25	66
605	-25.25	19.25	66
605	-25.25	18.25	66
605	-26.25	18.25	66
605	-26.25	17.75	66
605	-24.75	16.25	66
605	-24.75	15.75	66
605	-25.75	15.75	66
605	-25.75	15.25	66
605	-25.25	14.75	66
605	-24.25	14.75	66
605	-22.75	13.25	66
605	-21.75	13.25	66
605	-21.25	12.75	66
605	-21.25	12.25	66
605	-21.75	11.75	66
605	-21.75	11.25	66
605	-19.75	11.25	66
605	-19.75	10.75	66
605	-20.25	10.25	66
605	-21.25	10.25	66
605	-21.25	9.25	66
605	-22.25	9.25	66
605	-22.25	8.75	66
605	-21.25	7.75	66
605	-21.25	6.75	66
605	-20.25	6.75	66
605	-19.75	6.25	66
605	-18.75	6.25	66
605	-17.25	4.75	66
605	-16.75	4.75	66
605	-15.75	5.75	66
605	-15.75	6.75	66
605	-15.25	6.75	66
605	-14.75	6.25	66
605	-14.75	5.75	66
605	-16.75	3.75	66
605	-16.75	2.75	66
605	-17.25	2.25	66
605	-17.25	1.75	66
605	-15.75	0.25	66
605	-15.75	-0.25	66
605	-16.75	-0.25	66
605	-17.25	-0.75	66
605	-17.75	-0.75	66
605	-17.75	0.25	66
605	-18.25	0.75	66
605	-19.25	0.75	66
605	-19.25	1.75	66
605	-19.75	2.25	66
605	-21.75	2.25	66
605	-21.75	3.25	66
605	-22.75	4.25	66
605	-22.75	4.75	66
605	-22.25	4.75	66
605	-21.25	3.75	66
605	-20.75	3.75	66
605	-19.75	4.75	66
605	-19.75	5.25	66
605	-20.25	5.75	66
605	-21.25	5.75	66
605	-21.75	6.25	66
605	-22.25	6.25	66
605	-22.75	5.75	66
605	-23.25	5.75	66
605	-24.75	7.25	66
605	-25.25	7.25	66
605	-25.75	6.75	66
605	-26.25	6.75	66
605	-26.25	7.75	66
605	-26.75	8.25	66
605	-27.25	8.25	66
605	-27.75	7.75	66
605	-28.25	7.75	66
605	-29.75	9.25	66
605	-29.75	10.25	66
605	-30.25	10.25	66
605	-31.25	9.25	66
605	-34.25	9.25	66
605	-34.25	7.25	66
605	-36.75	7.25	66
605	-37.25	7.75	66
605	-37.25	11.25	66
605	-36.75	11.75	66
605	-36.75	12.25	66
605	-37.25	12.75	66
605	-37.25	13.25	66
605	-36.75	13.75	66
605	-36.75	14.25	66
605	-37.25	14.75	66
605	-37.75	14.75	66
605	-38.25	14.25	66
605	-39.75	14.25	66
606	-23.25	21.75	66
606	-23.25	22.25	66
606	-21.25	22.25	66
606	-20.75	22.75	66
606	-20.25	22.75	66
606	-20.25	22.25	66
606	-20.75	21.75	66
606	-20.75	21.25	66
606	-20.25	20.75	66
606	-19.75	20.75	66
606	-18.75	21.75	66
606	-16.75	21.75	66
606	-16.25	22.25	66
606	-15.75	22.25	66
606	-15.75	19.25	66
606	-15.25	19.25	66
606	-14.25	20.25	66
606	-14.25	21.75	66
606	-15.25	22.75	66
606	-15.25	23.25	66
606	-14.75	23.75	66
606	-14.25	23.75	66
606	-13.25	22.75	66
606	-12.75	22.75	66
606	-11.25	24.25	66
606	-10.75	24.25	66
606	-10.25	23.75	66
606	-10.25	23.25	66
606	-11.25	23.25	66
606	-11.25	22.75	66
606	-10.25	21.75	66
606	-10.25	19.75	66
606	-9.75	19.25	66
606	-9.75	18.75	66
606	-10.75	18.75	66
606	-11.25	18.25	66
606	-11.25	16.25	66
606	-12.25	15.25	66
606	-12.25	13.75	66
606	-9.75	13.75	66
606	-9.75	14.75	66
606	-9.25	15.25	66
606	-9.25	15.75	66
606	-10.25	15.75	66
606	-10.25	17.25	66
606	-9.75	17.25	66
606	-8.25	15.75	66
606	-7.75	15.75	66
606	-7.75	17.25	66
606	-8.75	18.25	66
606	-8.75	19.75	66
606	-7.75	19.75	66
606	-7.75	21.75	66
606	-7.25	22.25	66
606	-6.75	22.25	66
606	-5.75	21.25	66
606	-5.75	20.25	66
606	-4.75	19.25	66
606	-3.75	19.25	66
606	-3.25	18.75	66
606	-3.25	18.25	66
606	-3.75	17.75	66
606	-4.25	17.75	66
606	-5.25	18.75	66
606	-5.75	18.75	66
606	-6.25	18.25	66
606	-6.25	17.75	66
606	-5.25	17.75	66
606	-4.75	17.25	66
606	-4.75	15.75	66
606	-5.25	15.25	66
606	-6.25	15.25	66
606	-6.25	14.25	66
606	-8.25	14.25	66
606	-8.25	13.75	66
606	-7.75	13.25	66
606	-7.75	12.75	66
606	-9.75	12.75	66
606	-9.75	11.75	66
606	-10.25	11.75	66
606	-10.75	12.25	66
606	-11.25	12.25	66
606	-11.75	11.75	66
606	-12.75	11.75	66
606	-13.25	11.25	66
606	-13.75	11.25	66
606	-13.75	12.75	66
606	-13.25	13.25	66
606	-13.25	13.75	66
606	-15.25	13.75	66
606	-15.25	14.25	66
606	-14.75	14.75	66
606	-14.75	15.25	66
606	-15.25	15.75	66
606	-15.25	17.25	66
606	-14.25	17.25	66
606	-14.25	18.25	66
606	-13.75	18.25	66
606	-13.25	17.75	66
606	-12.75	17.75	66
606	-12.75	18.25	66
606	-13.75	19.25	66
606	-14.25	19.25	66
606	-15.75	17.75	66
606	-16.25	17.75	66
606	-16.25	18.75	66
606	-16.75	19.25	66
606	-17.75	19.25	66
606	-18.75	20.25	66
606	-19.25	20.25	66
606	-19.25	19.75	66
606	-18.75	19.25	66
606	-18.75	18.75	66
606	-19.25	18.75	66
606	-19.75	19.25	66
606	-20.75	19.25	66
606	-21.25	19.75	66
606	-21.25	20.75	66
606	-22.25	20.75	66
606	-23.25	21.75	66
607	3.75	7.75	66
607	3.75	8.25	66
607	4.25	8.25	66
607	4.75	7.75	66
607	4.75	7.25	66
607	4.25	6.75	66
607	3.75	6.75	66
607	3.75	7.75	66
608	4.25	2.25	66
608	4.25	2.75	66
608	4.75	2.75	66
608	4.75	1.25	66
608	4.25	0.75	66
608	3.75	0.75	66
608	3.75	1.25	66
608	4.25	1.75	66
608	4.25	2.25	66
609	4.25	-0.75	66
609	4.25	-0.25	66
609	4.75	-0.25	66
609	4.75	-0.75	66
609	4.25	-0.75	66
154	-44.75	3.25	17
154	-44.75	3.75	17
154	-43.25	3.75	17
154	-42.75	3.25	17
154	-42.75	2.75	17
154	-43.75	1.75	17
154	-43.75	1.25	17
154	-42.75	0.25	17
154	-42.75	-0.25	17
154	-43.75	-0.25	17
154	-44.25	-0.75	17
154	-44.75	-0.75	17
154	-44.75	3.25	17
545	1.25	48.25	46
545	1.25	48.75	46
545	3.75	48.75	46
545	4.75	47.75	46
545	4.75	37.25	46
545	4.25	37.25	46
545	3.75	37.75	46
545	3.75	38.75	46
545	2.75	38.75	46
545	2.75	39.25	46
545	3.75	40.25	46
545	3.75	40.75	46
545	3.25	40.75	46
545	2.75	40.25	46
545	2.25	40.25	46
545	2.25	42.25	46
545	1.75	42.75	46
545	1.25	42.75	46
545	1.25	41.75	46
545	0.75	41.75	46
545	0.25	42.25	46
545	-0.25	42.25	46
545	-0.25	40.25	46
545	-1.25	40.25	46
545	-1.75	39.75	46
545	-1.75	38.25	46
545	-1.25	37.75	46
545	-0.75	37.75	46
545	-0.75	38.75	46
545	-0.25	39.25	46
545	0.25	39.25	46
545	0.25	38.25	46
545	0.75	37.75	46
545	2.75	37.75	46
545	2.75	37.25	46
545	1.75	36.25	46
545	1.75	35.75	46
545	2.25	35.75	46
545	3.25	36.75	46
545	3.75	36.75	46
545	4.75	35.75	46
545	4.75	35.25	46
545	4.25	34.75	46
545	3.75	34.75	46
545	3.25	35.25	46
545	2.75	35.25	46
545	2.25	34.75	46
545	2.25	31.25	46
545	2.75	30.75	46
545	2.75	29.75	46
545	3.25	29.75	46
545	3.75	30.25	46
545	4.25	30.25	46
545	4.25	28.25	46
545	4.75	27.75	46
545	4.75	27.25	46
545	3.75	26.25	46
545	3.75	24.25	46
545	2.75	24.25	46
545	2.25	23.75	46
545	1.75	23.75	46
545	1.25	24.25	46
545	-0.25	24.25	46
545	-0.75	23.75	46
545	-0.75	23.25	46
545	-0.25	22.75	46
545	-0.25	22.25	46
545	-0.75	22.25	46
545	-1.25	22.75	46
545	-1.75	22.75	46
545	-2.25	22.25	46
545	-2.25	21.75	46
545	-1.25	21.75	46
545	-0.75	21.25	46
545	-0.75	20.25	46
545	-0.25	19.75	46
545	0.75	19.75	46
545	0.75	19.25	46
545	0.25	18.75	46
545	-0.25	18.75	46
545	-1.25	19.75	46
545	-3.25	19.75	46
545	-3.75	20.25	46
545	-4.75	20.25	46
545	-4.75	21.25	46
545	-5.25	21.75	46
545	-5.25	22.25	46
545	-4.25	22.25	46
545	-3.75	22.75	46
545	-3.75	23.25	46
545	-5.75	23.25	46
545	-6.25	23.75	46
545	-7.25	23.75	46
545	-7.25	24.75	46
545	-7.75	24.75	46
545	-8.25	24.25	46
545	-8.25	23.25	46
545	-8.75	23.25	46
545	-10.75	25.25	46
545	-10.75	25.75	46
545	-10.25	26.25	46
545	-7.25	26.25	46
545	-7.25	26.75	46
545	-8.25	27.75	46
545	-8.25	28.25	46
545	-7.25	28.25	46
545	-6.75	28.75	46
545	-6.25	28.75	46
545	-5.75	28.25	46
545	-5.25	28.25	46
545	-4.25	29.25	46
545	-3.75	29.25	46
545	-3.75	28.25	46
545	-2.25	28.25	46
545	-0.75	29.75	46
545	-0.25	29.75	46
545	0.25	29.25	46
545	0.25	28.75	46
545	-0.75	28.75	46
545	-1.75	27.75	46
545	-1.75	27.25	46
545	1.75	27.25	46
545	1.75	28.25	46
545	2.25	28.75	46
545	2.25	29.25	46
545	1.75	29.75	46
545	1.75	31.75	46
545	0.75	31.75	46
545	0.75	32.75	46
545	0.25	33.25	46
545	0.25	34.25	46
545	-0.25	34.75	46
545	-0.75	34.75	46
545	-0.75	33.75	46
545	-1.25	33.25	46
545	-2.25	33.25	46
545	-2.75	32.75	46
545	-3.25	32.75	46
545	-3.25	34.25	46
545	-2.25	35.25	46
545	-2.25	35.75	46
545	-3.25	35.75	46
545	-4.25	36.75	46
545	-4.25	37.25	46
545	-3.75	37.25	46
545	-3.25	36.75	46
545	-2.75	36.75	46
545	-2.75	37.25	46
545	-4.75	39.25	46
545	-4.75	39.75	46
545	-4.25	39.75	46
545	-3.75	39.25	46
545	-3.25	39.25	46
545	-3.25	40.25	46
545	-2.25	41.25	46
545	-1.25	41.25	46
545	-1.25	42.25	46
545	0.25	43.75	46
545	0.25	44.75	46
545	0.75	44.75	46
545	1.25	44.25	46
545	3.75	44.25	46
545	3.75	44.75	46
545	1.75	46.75	46
545	0.75	46.75	46
545	0.75	47.25	46
545	1.25	47.75	46
545	1.25	48.25	46
74	-23.25	21.75	132
74	-23.25	22.25	132
74	-21.25	22.25	132
74	-20.75	22.75	132
74	-20.25	22.75	132
74	-20.25	22.25	132
74	-20.75	21.75	132
74	-20.75	21.25	132
74	-20.25	20.75	132
74	-19.75	20.75	132
74	-18.75	21.75	132
74	-16.75	21.75	132
74	-16.25	22.25	132
74	-15.75	22.25	132
74	-15.75	19.25	132
74	-15.25	19.25	132
74	-14.25	20.25	132
74	-14.25	21.75	132
74	-15.25	22.75	132
74	-15.25	23.25	132
74	-14.75	23.75	132
74	-14.25	23.75	132
74	-13.25	22.75	132
74	-12.75	22.75	132
74	-11.25	24.25	132
74	-10.75	24.25	132
74	-10.25	23.75	132
74	-10.25	23.25	132
74	-11.25	23.25	132
74	-11.25	22.75	132
74	-10.25	21.75	132
74	-10.25	19.75	132
74	-9.75	19.25	132
74	-9.75	18.75	132
74	-10.75	18.75	132
74	-11.25	18.25	132
74	-11.25	16.25	132
74	-12.25	15.25	132
74	-12.25	13.75	132
74	-9.75	13.75	132
74	-9.75	14.75	132
74	-9.25	15.25	132
74	-9.25	15.75	132
74	-10.25	15.75	132
74	-10.25	17.25	132
74	-9.75	17.25	132
74	-8.25	15.75	132
74	-7.75	15.75	132
74	-7.75	17.25	132
74	-8.75	18.25	132
74	-8.75	19.75	132
74	-7.75	19.75	132
74	-7.75	21.75	132
74	-7.25	22.25	132
74	-6.75	22.25	132
74	-5.75	21.25	132
74	-5.75	20.25	132
74	-4.75	19.25	132
74	-3.75	19.25	132
74	-3.25	18.75	132
74	-3.25	18.25	132
74	-3.75	17.75	132
74	-4.25	17.75	132
74	-5.25	18.75	132
74	-5.75	18.75	132
74	-6.25	18.25	132
74	-6.25	17.75	132
74	-5.25	17.75	132
74	-4.75	17.25	132
74	-4.75	15.75	132
74	-5.25	15.25	132
74	-6.25	15.25	132
74	-6.25	14.25	132
74	-8.25	14.25	132
74	-8.25	13.75	132
74	-7.75	13.25	132
74	-7.75	12.75	132
74	-9.75	12.75	132
74	-9.75	11.75	132
74	-10.25	11.75	132
74	-10.75	12.25	132
74	-11.25	12.25	132
74	-11.75	11.75	132
74	-12.75	11.75	132
74	-13.25	11.25	132
74	-13.75	11.25	132
74	-13.75	12.75	132
74	-13.25	13.25	132
74	-13.25	13.75	132
74	-15.25	13.75	132
74	-15.25	14.25	132
74	-14.75	14.75	132
74	-14.75	15.25	132
74	-15.25	15.75	132
74	-15.25	17.25	132
74	-14.25	17.25	132
74	-14.25	18.25	132
74	-13.75	18.25	132
74	-13.25	17.75	132
74	-12.75	17.75	132
74	-12.75	18.25	132
74	-13.75	19.25	132
74	-14.25	19.25	132
74	-15.75	17.75	132
74	-16.25	17.75	132
74	-16.25	18.75	132
74	-16.75	19.25	132
74	-17.75	19.25	132
74	-18.75	20.25	132
74	-19.25	20.25	132
74	-19.25	19.75	132
74	-18.75	19.25	132
74	-18.75	18.75	132
74	-19.25	18.75	132
74	-19.75	19.25	132
74	-20.75	19.25	132
74	-21.25	19.75	132
74	-21.25	20.75	132
74	-22.25	20.75	132
74	-23.25	21.75	132
539	4.25	48.25	45
539	4.25	48.75	45
539	4.75	48.75	45
539	4.75	48.25	45
539	4.25	48.25	45
268	-0.25	41.75	239
268	-0.25	42.25	239
268	0.25	42.25	239
268	0.75	41.75	239
268	1.25	41.75	239
268	1.25	42.75	239
268	1.75	42.75	239
268	2.25	42.25	239
268	2.25	40.25	239
268	2.75	40.25	239
268	3.25	40.75	239
268	3.75	40.75	239
268	3.75	40.25	239
268	2.75	39.25	239
268	2.75	38.75	239
268	3.75	38.75	239
268	3.75	37.75	239
268	4.75	36.75	239
268	4.75	36.25	239
268	4.25	36.25	239
268	3.75	36.75	239
268	3.25	36.75	239
268	2.25	35.75	239
268	1.75	35.75	239
268	1.75	36.25	239
268	2.75	37.25	239
268	2.75	37.75	239
268	0.75	37.75	239
268	0.25	38.25	239
268	0.25	39.25	239
268	-0.25	39.25	239
268	-0.75	38.75	239
268	-0.75	37.75	239
268	-1.25	37.75	239
268	-1.75	38.25	239
268	-1.75	39.75	239
268	-1.25	40.25	239
268	-0.25	40.25	239
268	-0.25	41.75	239
269	2.25	34.25	239
269	2.25	34.75	239
269	2.75	35.25	239
269	3.25	35.25	239
269	3.75	34.75	239
269	4.75	34.75	239
269	4.75	28.25	239
269	4.25	28.25	239
269	4.25	30.25	239
269	3.75	30.25	239
269	3.25	29.75	239
269	2.75	29.75	239
269	2.75	30.75	239
269	2.25	31.25	239
269	2.25	34.25	239
631	-14.25	1.75	8
631	-14.25	2.25	8
631	-13.75	2.25	8
631	-12.75	1.25	8
631	-11.75	1.25	8
631	-11.75	0.25	8
631	-11.25	-0.25	8
631	-11.25	-0.75	8
631	-13.75	-0.75	8
631	-14.25	-0.25	8
631	-14.25	0.25	8
631	-13.75	0.75	8
631	-13.75	1.25	8
631	-14.25	1.75	8
633	-10.75	-0.25	8
633	-10.75	-0.75	8
633	-10.25	-0.75	8
633	-10.25	-0.25	8
633	-10.75	-0.25	8
634	-2.75	0.25	8
634	-2.75	0.75	8
634	-0.75	2.75	8
634	0.75	2.75	8
634	0.75	1.75	8
634	1.25	1.25	8
634	2.25	1.25	8
634	2.75	0.75	8
634	2.75	0.25	8
634	2.25	-0.25	8
634	1.25	-0.25	8
634	0.75	-0.75	8
634	-1.75	-0.75	8
634	-2.75	0.25	8
449	-10.75	4.25	359
449	-10.75	4.75	359
449	-9.25	6.25	359
449	-7.75	6.25	359
449	-7.75	5.75	359
449	-8.25	5.25	359
449	-9.25	5.25	359
449	-9.25	4.25	359
449	-10.75	4.25	359
