xmin	xmax	ymin	ymax	showSelected1	row_in_group	na_group
-35.45	-34.55	-0.747154873824839	0	4650,0	1	0
-34.45	-33.55	-0.528734007210009	0	4650,0	2	0
-32.45	-31.55	-0.0445324096981692	0	4650,0	4	1
-31.45	-30.55	-1.316886972503	0	4650,0	5	1
-30.45	-29.55	-1.50420583869372	0	4650,0	6	1
-29.45	-28.55	-4.09556796493956	0	4650,0	7	1
-28.45	-27.55	-8.66261398176292	0	4650,0	8	1
-27.45	-26.55	-5.98854880893476	0	4650,0	9	1
-26.45	-25.55	-4.48575669753305	0	4650,0	10	1
-25.45	-24.55	-2.00254470912561	0	4650,0	11	1
-24.45	-23.55	-5.92351735350251	0	4650,0	12	1
-23.45	-22.55	-3.47776913833322	0	4650,0	13	1
-22.45	-21.55	-0.0756344101222874	0	4650,0	14	1
-21.45	-20.55	-1.00516010461582	0	4650,0	15	1
-20.45	-19.55	-0.311020004241182	0	4650,0	16	1
-19.45	-18.55	-0.142786456492543	0	4650,0	17	1
-18.45	-17.55	-2.22803421220047	0	4650,0	18	1
-17.45	-16.55	-0.16045804764261	0	4650,0	19	1
-15.45	-14.55	-0.428359369477628	0	4650,0	21	2
-14.45	-13.55	-0.158337456704602	0	4650,0	22	2
-11.45	-10.55	-0.151268820244575	0	4650,0	25	4
-9.45	-8.55	-0.231851275888881	0	4650,0	27	5
-8.45	-7.55	-5.78214462430197	0	4650,0	28	5
-7.45	-6.55	-6.80356259277585	0	4650,0	29	5
-6.45	-5.55	-4.10334346504559	0	4650,0	30	5
-5.45	-4.55	-0.995264013571782	0	4650,0	31	5
-3.45	-2.55	-0.274969958295045	0	4650,0	33	6
-2.45	-1.55	-0.0523079098041988	0	4650,0	34	6
-1.45	-0.55	-0.477132961051813	0	4650,0	35	6
-0.45	0.45	-2.55743267123772	0	4650,0	36	6
0.55	1.45	-3.94429914469499	0	4650,0	37	6
1.55	2.45	-5.79416130628402	0	4650,0	38	6
2.55	3.45	-6.96119318583445	0	4650,0	39	6
3.55	4.45	-5.6040149855093	0	4650,0	40	6
-45.45	-44.55	-6.98239909521453	0	4700,0	41	6
-44.45	-43.55	-0.743620555594826	0	4700,0	42	6
-43.45	-42.55	-4.30621333144836	0	4700,0	43	6
-42.45	-41.55	-1.22216724393864	0	4700,0	44	6
-41.45	-40.55	-1.9997172545416	0	4700,0	45	6
-39.45	-38.55	-0.696967554958649	0	4700,0	47	7
-38.45	-37.55	-0.214886548384817	0	4700,0	48	7
-37.45	-36.55	-0.083409910228317	0	4700,0	49	7
-36.45	-35.55	-0.544285007422068	0	4700,0	50	7
-35.45	-34.55	-4.56916660776136	0	4700,0	51	7
-34.45	-33.55	-0.834805965929172	0	4700,0	52	7
-33.45	-32.55	-3.2105746801442	0	4700,0	53	7
-32.45	-31.55	-2.12412525623807	0	4700,0	54	7
-31.45	-30.55	-0.848236375203223	0	4700,0	55	7
-30.45	-29.55	-2.56379444405174	0	4700,0	56	7
-29.45	-28.55	-4.39245069626069	0	4700,0	57	7
-28.45	-27.55	-0.127942319926486	0	4700,0	58	7
-27.45	-26.55	-1.2907330176009	0	4700,0	59	7
-25.45	-24.55	-0.108150137838411	0	4700,0	61	8
-24.45	-23.55	-0.100374637732381	0	4700,0	62	8
-23.45	-22.55	-0.306778822365166	0	4700,0	63	8
-21.45	-20.55	-1.65052661341627	0	4700,0	65	9
-20.45	-19.55	-2.26973916731463	0	4700,0	66	9
-19.45	-18.55	-1.3423340637591	0	4700,0	67	9
-18.45	-17.55	-1.23489078956669	0	4700,0	68	9
-16.45	-15.55	-5.12970947904149	0	4700,0	70	10
-15.45	-14.55	-3.30600127235456	0	4700,0	71	10
-14.45	-13.55	-7.14921891567117	0	4700,0	72	10
-13.45	-12.55	-6.41408072382837	0	4700,0	73	10
-12.45	-11.55	-7.1584081430692	0	4700,0	74	10
-11.45	-10.55	-9.83530077048137	0	4700,0	75	10
-10.45	-9.55	-6.30239626775995	0	4700,0	76	10
-9.45	-8.55	-6.45790626988054	0	4700,0	77	10
-8.45	-7.55	-2.78645649254259	0	4700,0	78	10
-7.45	-6.55	-4.21361419382201	0	4700,0	79	10
-6.45	-5.55	-0.888527603025376	0	4700,0	80	10
-5.45	-4.55	-2.09585071039796	0	4700,0	81	10
-4.45	-3.55	-0.337173959143281	0	4700,0	82	10
-2.45	-1.55	-1.83431116137697	0	4700,0	84	11
-1.45	-0.55	-1.15360147027638	0	4700,0	85	11
-0.45	0.45	-2.29377253127872	0	4700,0	86	11
0.55	1.45	-2.72849367357037	0	4700,0	87	11
1.55	2.45	-3.59298791263165	0	4700,0	88	11
2.55	3.45	-7.66381564996112	0	4700,0	89	11
3.55	4.45	-1.95730543578144	0	4700,0	90	11
4.55	5.45	-1.45472538347353	0	4700,0	91	11
-45.45	-44.55	-6.98239909521453	0	4700,50	92	11
-44.45	-43.55	-0.743620555594826	0	4700,50	93	11
-43.45	-42.55	-4.30621333144836	0	4700,50	94	11
-42.45	-41.55	-1.22216724393864	0	4700,50	95	11
-41.45	-40.55	-1.9997172545416	0	4700,50	96	11
-39.45	-38.55	-0.696967554958649	0	4700,50	98	12
-38.45	-37.55	-0.214886548384817	0	4700,50	99	12
-37.45	-36.55	-0.083409910228317	0	4700,50	100	12
-36.45	-35.55	-0.544285007422068	0	4700,50	101	12
-35.45	-34.55	-4.56916660776136	0	4700,50	102	12
-34.45	-33.55	-0.834805965929172	0	4700,50	103	12
-33.45	-32.55	-3.2105746801442	0	4700,50	104	12
-32.45	-31.55	-2.12412525623807	0	4700,50	105	12
-31.45	-30.55	-0.848236375203223	0	4700,50	106	12
-30.45	-29.55	-2.56379444405174	0	4700,50	107	12
-29.45	-28.55	-4.39245069626069	0	4700,50	108	12
-28.45	-27.55	-0.127942319926486	0	4700,50	109	12
-27.45	-26.55	-1.2907330176009	0	4700,50	110	12
-25.45	-24.55	-0.108150137838411	0	4700,50	112	13
-24.45	-23.55	-0.100374637732381	0	4700,50	113	13
-23.45	-22.55	-0.306778822365166	0	4700,50	114	13
-21.45	-20.55	-1.65052661341627	0	4700,50	116	14
-20.45	-19.55	-2.26973916731463	0	4700,50	117	14
-19.45	-18.55	-1.3423340637591	0	4700,50	118	14
-18.45	-17.55	-1.23489078956669	0	4700,50	119	14
-16.45	-15.55	-5.12970947904149	0	4700,50	121	15
-15.45	-14.55	-3.30600127235456	0	4700,50	122	15
-14.45	-13.55	-7.14921891567117	0	4700,50	123	15
-13.45	-12.55	-6.41408072382837	0	4700,50	124	15
-12.45	-11.55	-7.1584081430692	0	4700,50	125	15
-11.45	-10.55	-9.83530077048137	0	4700,50	126	15
-10.45	-9.55	-6.30239626775995	0	4700,50	127	15
-9.45	-8.55	-6.45790626988054	0	4700,50	128	15
-8.45	-7.55	-2.78645649254259	0	4700,50	129	15
-7.45	-6.55	-4.21361419382201	0	4700,50	130	15
-6.45	-5.55	-0.888527603025376	0	4700,50	131	15
-5.45	-4.55	-2.09585071039796	0	4700,50	132	15
-4.45	-3.55	-0.337173959143281	0	4700,50	133	15
-2.45	-1.55	-1.83431116137697	0	4700,50	135	16
-1.45	-0.55	-1.15360147027638	0	4700,50	136	16
-0.45	0.45	-2.29377253127872	0	4700,50	137	16
0.55	1.45	-2.72849367357037	0	4700,50	138	16
1.55	2.45	-3.59298791263165	0	4700,50	139	16
2.55	3.45	-7.66381564996112	0	4700,50	140	16
3.55	4.45	-1.95730543578144	0	4700,50	141	16
4.55	5.45	-1.45472538347353	0	4700,50	142	16
-44.45	-43.55	-1.25963101717679	0	4750,50	143	16
-43.45	-42.55	-5.38630098254047	0	4750,50	144	16
-42.45	-41.55	-2.24075775782852	0	4750,50	145	16
-41.45	-40.55	-0.992436558987771	0	4750,50	146	16
-40.45	-39.55	-3.14907754294197	0	4750,50	147	16
-39.45	-38.55	-2.45423057892133	0	4750,50	148	16
-38.45	-37.55	-3.47564854739521	0	4750,50	149	16
-37.45	-36.55	-1.05958860535803	0	4750,50	150	16
-36.45	-35.55	-2.78787021983459	0	4750,50	151	16
-35.45	-34.55	-3.13423340637591	0	4750,50	152	16
-33.45	-32.55	-3.24238354421432	0	4750,50	154	17
-32.45	-31.55	-0.0798755919983035	0	4750,50	155	17
-31.45	-30.55	-0.662331236304517	0	4750,50	156	17
-24.45	-23.55	-1.87106807096911	0	4750,50	163	23
-21.45	-20.55	-3.00275676821941	0	4750,50	166	25
-20.45	-19.55	-0.629108644942391	0	4750,50	167	25
-19.45	-18.55	-0.396550505407507	0	4750,50	168	25
-18.45	-17.55	-0.794514738107019	0	4750,50	169	25
-17.45	-16.55	-0.416342687495582	0	4750,50	170	25
-16.45	-15.55	-1.25397610800877	0	4750,50	171	25
-15.45	-14.55	-1.61730402205415	0	4750,50	172	25
-13.45	-12.55	-3.09394217855376	0	4750,50	174	26
-11.45	-10.55	0	0	4750,50	176	27
-10.45	-9.55	-0.637591008694423	0	4750,50	177	27
-9.45	-8.55	-0.0424118187601612	0	4750,50	178	27
-8.45	-7.55	-3.51806036615537	0	4750,50	179	27
-7.45	-6.55	-2.10221248321199	0	4750,50	180	27
-6.45	-5.55	-1.4215027921114	0	4750,50	181	27
-3.45	-2.55	-2.43514526047925	0	4750,50	184	29
-2.45	-1.55	-2.15522725666219	0	4750,50	185	29
-1.45	-0.55	-1.23983883508871	0	4750,50	186	29
-0.45	0.45	-2.43443839683325	0	4750,50	187	29
0.55	1.45	-9.36523644588959	0	4750,50	188	29
1.55	2.45	-10	0	4750,50	189	29
2.55	3.45	-0.116632501590443	0	4750,50	190	29
3.55	4.45	-2.09160952852195	0	4750,50	191	29
-44.45	-43.55	-1.25963101717679	0	4750,100	192	29
-43.45	-42.55	-5.38630098254047	0	4750,100	193	29
-42.45	-41.55	-2.24075775782852	0	4750,100	194	29
-41.45	-40.55	-0.992436558987771	0	4750,100	195	29
-40.45	-39.55	-3.14907754294197	0	4750,100	196	29
-39.45	-38.55	-2.45423057892133	0	4750,100	197	29
-38.45	-37.55	-3.47564854739521	0	4750,100	198	29
-37.45	-36.55	-1.05958860535803	0	4750,100	199	29
-36.45	-35.55	-2.78787021983459	0	4750,100	200	29
-35.45	-34.55	-3.13423340637591	0	4750,100	201	29
-33.45	-32.55	-3.24238354421432	0	4750,100	203	30
-32.45	-31.55	-0.0798755919983035	0	4750,100	204	30
-31.45	-30.55	-0.662331236304517	0	4750,100	205	30
-24.45	-23.55	-1.87106807096911	0	4750,100	212	36
-21.45	-20.55	-3.00275676821941	0	4750,100	215	38
-20.45	-19.55	-0.629108644942391	0	4750,100	216	38
-19.45	-18.55	-0.396550505407507	0	4750,100	217	38
-18.45	-17.55	-0.794514738107019	0	4750,100	218	38
-17.45	-16.55	-0.416342687495582	0	4750,100	219	38
-16.45	-15.55	-1.25397610800877	0	4750,100	220	38
-15.45	-14.55	-1.61730402205415	0	4750,100	221	38
-13.45	-12.55	-3.09394217855376	0	4750,100	223	39
-11.45	-10.55	0	0	4750,100	225	40
-10.45	-9.55	-0.637591008694423	0	4750,100	226	40
-9.45	-8.55	-0.0424118187601612	0	4750,100	227	40
-8.45	-7.55	-3.51806036615537	0	4750,100	228	40
-7.45	-6.55	-2.10221248321199	0	4750,100	229	40
-6.45	-5.55	-1.4215027921114	0	4750,100	230	40
-3.45	-2.55	-2.43514526047925	0	4750,100	233	42
-2.45	-1.55	-2.15522725666219	0	4750,100	234	42
-1.45	-0.55	-1.23983883508871	0	4750,100	235	42
-0.45	0.45	-2.43443839683325	0	4750,100	236	42
0.55	1.45	-9.36523644588959	0	4750,100	237	42
1.55	2.45	-10	0	4750,100	238	42
2.55	3.45	-0.116632501590443	0	4750,100	239	42
3.55	4.45	-2.09160952852195	0	4750,100	240	42
-45.45	-44.55	-2.3418392592069	0	4800,100	241	42
-44.45	-43.55	-1.75443556937867	0	4800,100	242	42
-43.45	-42.55	-4.66388633632572	0	4800,100	243	42
-42.45	-41.55	-2.75959567399449	0	4800,100	244	42
-41.45	-40.55	-5.47112462006079	0	4800,100	245	42
-40.45	-39.55	-3.35689545486676	0	4800,100	246	42
-39.45	-38.55	-2.87622817558493	0	4800,100	247	42
-38.45	-37.55	-3.83049409768856	0	4800,100	248	42
-37.45	-36.55	-8.51841379797837	0	4800,100	249	42
-36.45	-35.55	-2.00961334558564	0	4800,100	250	42
-35.45	-34.55	-5.30925284512618	0	4800,100	251	42
-34.45	-33.55	-2.99639499540539	0	4800,100	252	42
-33.45	-32.55	-1.24337315331873	0	4800,100	253	42
-32.45	-31.55	-3.25086590796635	0	4800,100	254	42
-31.45	-30.55	-6.11861171979925	0	4800,100	255	42
-30.45	-29.55	-4.87382483918852	0	4800,100	256	42
-29.45	-28.55	-1.66537074998233	0	4800,100	257	42
-28.45	-27.55	-0.840460875097194	0	4800,100	258	42
-27.45	-26.55	-3.09676963313777	0	4800,100	259	42
-26.45	-25.55	-3.69406941401004	0	4800,100	260	42
-25.45	-24.55	-3.34346504559271	0	4800,100	261	42
-24.45	-23.55	-2.97872340425532	0	4800,100	262	42
-23.45	-22.55	-0.995264013571782	0	4800,100	263	42
-22.45	-21.55	-3.79656464268043	0	4800,100	264	42
-21.45	-20.55	-8.16780942956104	0	4800,100	265	42
-20.45	-19.55	-0.0869442284583304	0	4800,100	266	42
-18.45	-17.55	-2.81331731109069	0	4800,100	268	43
-17.45	-16.55	-0.566904644094154	0	4800,100	269	43
-16.45	-15.55	-2.57227680780377	0	4800,100	270	43
-15.45	-14.55	-0.822789283947127	0	4800,100	271	43
-14.45	-13.55	-0.196508093588747	0	4800,100	272	43
-13.45	-12.55	-0.221248321198841	0	4800,100	273	43
-12.45	-11.55	-3.31731109069061	0	4800,100	274	43
-11.45	-10.55	-2.14108998374214	0	4800,100	275	43
-10.45	-9.55	-0.812893192903089	0	4800,100	276	43
-9.45	-8.55	-3.43465045592705	0	4800,100	277	43
-8.45	-7.55	-2.50441789778752	0	4800,100	278	43
-7.45	-6.55	-2.19834593906835	0	4800,100	279	43
-6.45	-5.55	-1.92549657171132	0	4800,100	280	43
-5.45	-4.55	-3.27701986286845	0	4800,100	281	43
-0.45	0.45	-0.291227822153107	0	4800,100	286	47
0.55	1.45	-0.465116279069768	0	4800,100	287	47
1.55	2.45	-0.581041917014208	0	4800,100	288	47
2.55	3.45	-0.166819820456634	0	4800,100	289	47
3.55	4.45	-0.0523079098041988	0	4800,100	290	47
-45.45	-44.55	-2.3418392592069	0	4800,150	292	48
-44.45	-43.55	-1.75443556937867	0	4800,150	293	48
-43.45	-42.55	-4.66388633632572	0	4800,150	294	48
-42.45	-41.55	-2.75959567399449	0	4800,150	295	48
-41.45	-40.55	-5.47112462006079	0	4800,150	296	48
-40.45	-39.55	-3.35689545486676	0	4800,150	297	48
-39.45	-38.55	-2.87622817558493	0	4800,150	298	48
-38.45	-37.55	-3.83049409768856	0	4800,150	299	48
-37.45	-36.55	-8.51841379797837	0	4800,150	300	48
-36.45	-35.55	-2.00961334558564	0	4800,150	301	48
-35.45	-34.55	-5.30925284512618	0	4800,150	302	48
-34.45	-33.55	-2.99639499540539	0	4800,150	303	48
-33.45	-32.55	-1.24337315331873	0	4800,150	304	48
-32.45	-31.55	-3.25086590796635	0	4800,150	305	48
-31.45	-30.55	-6.11861171979925	0	4800,150	306	48
-30.45	-29.55	-4.87382483918852	0	4800,150	307	48
-29.45	-28.55	-1.66537074998233	0	4800,150	308	48
-28.45	-27.55	-0.840460875097194	0	4800,150	309	48
-27.45	-26.55	-3.09676963313777	0	4800,150	310	48
-26.45	-25.55	-3.69406941401004	0	4800,150	311	48
-25.45	-24.55	-3.34346504559271	0	4800,150	312	48
-24.45	-23.55	-2.97872340425532	0	4800,150	313	48
-23.45	-22.55	-0.995264013571782	0	4800,150	314	48
-22.45	-21.55	-3.79656464268043	0	4800,150	315	48
-21.45	-20.55	-8.16780942956104	0	4800,150	316	48
-20.45	-19.55	-0.0869442284583304	0	4800,150	317	48
-18.45	-17.55	-2.81331731109069	0	4800,150	319	49
-17.45	-16.55	-0.566904644094154	0	4800,150	320	49
-16.45	-15.55	-2.57227680780377	0	4800,150	321	49
-15.45	-14.55	-0.822789283947127	0	4800,150	322	49
-14.45	-13.55	-0.196508093588747	0	4800,150	323	49
-13.45	-12.55	-0.221248321198841	0	4800,150	324	49
-12.45	-11.55	-3.31731109069061	0	4800,150	325	49
-11.45	-10.55	-2.14108998374214	0	4800,150	326	49
-10.45	-9.55	-0.812893192903089	0	4800,150	327	49
-9.45	-8.55	-3.43465045592705	0	4800,150	328	49
-8.45	-7.55	-2.50441789778752	0	4800,150	329	49
-7.45	-6.55	-2.19834593906835	0	4800,150	330	49
-6.45	-5.55	-1.92549657171132	0	4800,150	331	49
-5.45	-4.55	-3.27701986286845	0	4800,150	332	49
-0.45	0.45	-0.291227822153107	0	4800,150	337	53
0.55	1.45	-0.465116279069768	0	4800,150	338	53
1.55	2.45	-0.581041917014208	0	4800,150	339	53
2.55	3.45	-0.166819820456634	0	4800,150	340	53
3.55	4.45	-0.0523079098041988	0	4800,150	341	53
-44.45	-43.55	-1.20378878914257	0	4850,150	343	54
-42.45	-41.55	-0.562663462218138	0	4850,150	345	55
-41.45	-40.55	-0.340708277373295	0	4850,150	346	55
-40.45	-39.55	-3.3674984095568	0	4850,150	347	55
-39.45	-38.55	-0.611437053792324	0	4850,150	348	55
-37.45	-36.55	-0.0445324096981692	0	4850,150	350	56
-36.45	-35.55	-0.72100091892274	0	4850,150	351	56
-35.45	-34.55	-0.142786456492543	0	4850,150	352	56
-33.45	-32.55	-2.64013571782003	0	4850,150	354	57
-32.45	-31.55	-1.28437124478688	0	4850,150	355	57
-31.45	-30.55	-1.842793525129	0	4850,150	356	57
-30.45	-29.55	-3.5534035484555	0	4850,150	357	57
-29.45	-28.55	-4.83282674772037	0	4850,150	358	57
-28.45	-27.55	-2.1587615748922	0	4850,150	359	57
-27.45	-26.55	-5.44991871068071	0	4850,150	360	57
-25.45	-24.55	-5.00388775005301	0	4850,150	362	58
-24.45	-23.55	-0.164699229518626	0	4850,150	363	58
-23.45	-22.55	-0.607195871916307	0	4850,150	364	58
-22.45	-21.55	-4.40941542376476	0	4850,150	365	58
-21.45	-20.55	-1.16279069767442	0	4850,150	366	58
-20.45	-19.55	-0.0869442284583304	0	4850,150	367	58
-18.45	-17.55	-0.243161094224924	0	4850,150	369	59
-12.45	-11.55	-0.241747366932919	0	4850,150	375	64
-11.45	-10.55	-1.08998374213614	0	4850,150	376	64
-9.45	-8.55	-2.65992789990811	0	4850,150	378	65
-8.45	-7.55	-1.33102424542306	0	4850,150	379	65
-7.45	-6.55	-2.19763907542235	0	4850,150	380	65
-6.45	-5.55	-1.34445465469711	0	4850,150	381	65
-5.45	-4.55	-2.11705661977804	0	4850,150	382	65
-4.45	-3.55	-1.08998374213614	0	4850,150	383	65
-3.45	-2.55	-2.59277585353785	0	4850,150	384	65
-2.45	-1.55	-0.358379868523362	0	4850,150	385	65
-1.45	-0.55	-1.14441224287835	0	4850,150	386	65
-0.45	0.45	-2.32346080441083	0	4850,150	387	65
0.55	1.45	-4.20725242100799	0	4850,150	388	65
1.55	2.45	-1.22358097123065	0	4850,150	389	65
2.55	3.45	-4.06022478263943	0	4850,150	390	65
3.55	4.45	-1.60033929455008	0	4850,150	391	65
-44.45	-43.55	-1.20378878914257	0	4850,200	392	65
-42.45	-41.55	-0.562663462218138	0	4850,200	394	66
-41.45	-40.55	-0.340708277373295	0	4850,200	395	66
-40.45	-39.55	-3.3674984095568	0	4850,200	396	66
-39.45	-38.55	-0.611437053792324	0	4850,200	397	66
-37.45	-36.55	-0.0445324096981692	0	4850,200	399	67
-36.45	-35.55	-0.72100091892274	0	4850,200	400	67
-35.45	-34.55	-0.142786456492543	0	4850,200	401	67
-33.45	-32.55	-2.64013571782003	0	4850,200	403	68
-32.45	-31.55	-1.28437124478688	0	4850,200	404	68
-31.45	-30.55	-1.842793525129	0	4850,200	405	68
-30.45	-29.55	-3.5534035484555	0	4850,200	406	68
-29.45	-28.55	-4.83282674772037	0	4850,200	407	68
-28.45	-27.55	-2.1587615748922	0	4850,200	408	68
-27.45	-26.55	-5.44991871068071	0	4850,200	409	68
-25.45	-24.55	-5.00388775005301	0	4850,200	411	69
-24.45	-23.55	-0.164699229518626	0	4850,200	412	69
-23.45	-22.55	-0.607195871916307	0	4850,200	413	69
-22.45	-21.55	-4.40941542376476	0	4850,200	414	69
-21.45	-20.55	-1.16279069767442	0	4850,200	415	69
-20.45	-19.55	-0.0869442284583304	0	4850,200	416	69
-18.45	-17.55	-0.243161094224924	0	4850,200	418	70
-12.45	-11.55	-0.241747366932919	0	4850,200	424	75
-11.45	-10.55	-1.08998374213614	0	4850,200	425	75
-9.45	-8.55	-2.65992789990811	0	4850,200	427	76
-8.45	-7.55	-1.33102424542306	0	4850,200	428	76
-7.45	-6.55	-2.19763907542235	0	4850,200	429	76
-6.45	-5.55	-1.34445465469711	0	4850,200	430	76
-5.45	-4.55	-2.11705661977804	0	4850,200	431	76
-4.45	-3.55	-1.08998374213614	0	4850,200	432	76
-3.45	-2.55	-2.59277585353785	0	4850,200	433	76
-2.45	-1.55	-0.358379868523362	0	4850,200	434	76
-1.45	-0.55	-1.14441224287835	0	4850,200	435	76
-0.45	0.45	-2.32346080441083	0	4850,200	436	76
0.55	1.45	-4.20725242100799	0	4850,200	437	76
1.55	2.45	-1.22358097123065	0	4850,200	438	76
2.55	3.45	-4.06022478263943	0	4850,200	439	76
3.55	4.45	-1.60033929455008	0	4850,200	440	76
-45.45	-44.55	-0.412808369265569	0	4900,200	441	76
-44.45	-43.55	-0.782498056124974	0	4900,200	442	76
-40.45	-39.55	-0.301123913197144	0	4900,200	446	79
-39.45	-38.55	-0.810065738319078	0	4900,200	447	79
-34.45	-33.55	-0.930939421785538	0	4900,200	452	83
-26.45	-25.55	-1.07089842369407	0	4900,200	460	90
-23.45	-22.55	-2.04071534600975	0	4900,200	463	92
-21.45	-20.55	-7.01632855022266	0	4900,200	465	93
-20.45	-19.55	-1.96366720859546	0	4900,200	466	93
-19.45	-18.55	-0.778256874248957	0	4900,200	467	93
-18.45	-17.55	-0.761292146744893	0	4900,200	468	93
-17.45	-16.55	-1.02495228670389	0	4900,200	469	93
-16.45	-15.55	-1.69293843217643	0	4900,200	470	93
-15.45	-14.55	-3.93086873542094	0	4900,200	471	93
-14.45	-13.55	-2.6040856718739	0	4900,200	472	93
-13.45	-12.55	-1.22782215310667	0	4900,200	473	93
-12.45	-11.55	-3.5272495935534	0	4900,200	474	93
-11.45	-10.55	-0.139252138262529	0	4900,200	475	93
-9.45	-8.55	-1.32961051813105	0	4900,200	477	94
-8.45	-7.55	-3.51381918427935	0	4900,200	478	94
-7.45	-6.55	-2.42807662401923	0	4900,200	479	94
-3.45	-2.55	-4.47656747013501	0	4900,200	483	97
-2.45	-1.55	-2.42242171485121	0	4900,200	484	97
-1.45	-0.55	-1.10270728776419	0	4900,200	485	97
1.55	2.45	-1.23206333498268	0	4900,200	488	99
2.55	3.45	-0.0869442284583304	0	4900,200	489	99
3.55	4.45	-0.640418463278434	0	4900,200	490	99
-44.45	-43.55	-1.25963101717679	0	4750,0	492	100
-43.45	-42.55	-5.38630098254047	0	4750,0	493	100
-42.45	-41.55	-2.24075775782852	0	4750,0	494	100
-41.45	-40.55	-0.992436558987771	0	4750,0	495	100
-40.45	-39.55	-3.14907754294197	0	4750,0	496	100
-39.45	-38.55	-2.45423057892133	0	4750,0	497	100
-38.45	-37.55	-3.47564854739521	0	4750,0	498	100
-37.45	-36.55	-1.05958860535803	0	4750,0	499	100
-36.45	-35.55	-2.78787021983459	0	4750,0	500	100
-35.45	-34.55	-3.13423340637591	0	4750,0	501	100
-33.45	-32.55	-3.24238354421432	0	4750,0	503	101
-32.45	-31.55	-0.0798755919983035	0	4750,0	504	101
-31.45	-30.55	-0.662331236304517	0	4750,0	505	101
-24.45	-23.55	-1.87106807096911	0	4750,0	512	107
-21.45	-20.55	-3.00275676821941	0	4750,0	515	109
-20.45	-19.55	-0.629108644942391	0	4750,0	516	109
-19.45	-18.55	-0.396550505407507	0	4750,0	517	109
-18.45	-17.55	-0.794514738107019	0	4750,0	518	109
-17.45	-16.55	-0.416342687495582	0	4750,0	519	109
-16.45	-15.55	-1.25397610800877	0	4750,0	520	109
-15.45	-14.55	-1.61730402205415	0	4750,0	521	109
-13.45	-12.55	-3.09394217855376	0	4750,0	523	110
-11.45	-10.55	0	0	4750,0	525	111
-10.45	-9.55	-0.637591008694423	0	4750,0	526	111
-9.45	-8.55	-0.0424118187601612	0	4750,0	527	111
-8.45	-7.55	-3.51806036615537	0	4750,0	528	111
-7.45	-6.55	-2.10221248321199	0	4750,0	529	111
-6.45	-5.55	-1.4215027921114	0	4750,0	530	111
-3.45	-2.55	-2.43514526047925	0	4750,0	533	113
-2.45	-1.55	-2.15522725666219	0	4750,0	534	113
-1.45	-0.55	-1.23983883508871	0	4750,0	535	113
-0.45	0.45	-2.43443839683325	0	4750,0	536	113
0.55	1.45	-9.36523644588959	0	4750,0	537	113
1.55	2.45	-10	0	4750,0	538	113
2.55	3.45	-0.116632501590443	0	4750,0	539	113
3.55	4.45	-2.09160952852195	0	4750,0	540	113
-45.45	-44.55	-2.3418392592069	0	4800,50	541	113
-44.45	-43.55	-1.75443556937867	0	4800,50	542	113
-43.45	-42.55	-4.66388633632572	0	4800,50	543	113
-42.45	-41.55	-2.75959567399449	0	4800,50	544	113
-41.45	-40.55	-5.47112462006079	0	4800,50	545	113
-40.45	-39.55	-3.35689545486676	0	4800,50	546	113
-39.45	-38.55	-2.87622817558493	0	4800,50	547	113
-38.45	-37.55	-3.83049409768856	0	4800,50	548	113
-37.45	-36.55	-8.51841379797837	0	4800,50	549	113
-36.45	-35.55	-2.00961334558564	0	4800,50	550	113
-35.45	-34.55	-5.30925284512618	0	4800,50	551	113
-34.45	-33.55	-2.99639499540539	0	4800,50	552	113
-33.45	-32.55	-1.24337315331873	0	4800,50	553	113
-32.45	-31.55	-3.25086590796635	0	4800,50	554	113
-31.45	-30.55	-6.11861171979925	0	4800,50	555	113
-30.45	-29.55	-4.87382483918852	0	4800,50	556	113
-29.45	-28.55	-1.66537074998233	0	4800,50	557	113
-28.45	-27.55	-0.840460875097194	0	4800,50	558	113
-27.45	-26.55	-3.09676963313777	0	4800,50	559	113
-26.45	-25.55	-3.69406941401004	0	4800,50	560	113
-25.45	-24.55	-3.34346504559271	0	4800,50	561	113
-24.45	-23.55	-2.97872340425532	0	4800,50	562	113
-23.45	-22.55	-0.995264013571782	0	4800,50	563	113
-22.45	-21.55	-3.79656464268043	0	4800,50	564	113
-21.45	-20.55	-8.16780942956104	0	4800,50	565	113
-20.45	-19.55	-0.0869442284583304	0	4800,50	566	113
-18.45	-17.55	-2.81331731109069	0	4800,50	568	114
-17.45	-16.55	-0.566904644094154	0	4800,50	569	114
-16.45	-15.55	-2.57227680780377	0	4800,50	570	114
-15.45	-14.55	-0.822789283947127	0	4800,50	571	114
-14.45	-13.55	-0.196508093588747	0	4800,50	572	114
-13.45	-12.55	-0.221248321198841	0	4800,50	573	114
-12.45	-11.55	-3.31731109069061	0	4800,50	574	114
-11.45	-10.55	-2.14108998374214	0	4800,50	575	114
-10.45	-9.55	-0.812893192903089	0	4800,50	576	114
-9.45	-8.55	-3.43465045592705	0	4800,50	577	114
-8.45	-7.55	-2.50441789778752	0	4800,50	578	114
-7.45	-6.55	-2.19834593906835	0	4800,50	579	114
-6.45	-5.55	-1.92549657171132	0	4800,50	580	114
-5.45	-4.55	-3.27701986286845	0	4800,50	581	114
-0.45	0.45	-0.291227822153107	0	4800,50	586	118
0.55	1.45	-0.465116279069768	0	4800,50	587	118
1.55	2.45	-0.581041917014208	0	4800,50	588	118
2.55	3.45	-0.166819820456634	0	4800,50	589	118
3.55	4.45	-0.0523079098041988	0	4800,50	590	118
-44.45	-43.55	-1.20378878914257	0	4850,100	592	119
-42.45	-41.55	-0.562663462218138	0	4850,100	594	120
-41.45	-40.55	-0.340708277373295	0	4850,100	595	120
-40.45	-39.55	-3.3674984095568	0	4850,100	596	120
-39.45	-38.55	-0.611437053792324	0	4850,100	597	120
-37.45	-36.55	-0.0445324096981692	0	4850,100	599	121
-36.45	-35.55	-0.72100091892274	0	4850,100	600	121
-35.45	-34.55	-0.142786456492543	0	4850,100	601	121
-33.45	-32.55	-2.64013571782003	0	4850,100	603	122
-32.45	-31.55	-1.28437124478688	0	4850,100	604	122
-31.45	-30.55	-1.842793525129	0	4850,100	605	122
-30.45	-29.55	-3.5534035484555	0	4850,100	606	122
-29.45	-28.55	-4.83282674772037	0	4850,100	607	122
-28.45	-27.55	-2.1587615748922	0	4850,100	608	122
-27.45	-26.55	-5.44991871068071	0	4850,100	609	122
-25.45	-24.55	-5.00388775005301	0	4850,100	611	123
-24.45	-23.55	-0.164699229518626	0	4850,100	612	123
-23.45	-22.55	-0.607195871916307	0	4850,100	613	123
-22.45	-21.55	-4.40941542376476	0	4850,100	614	123
-21.45	-20.55	-1.16279069767442	0	4850,100	615	123
-20.45	-19.55	-0.0869442284583304	0	4850,100	616	123
-18.45	-17.55	-0.243161094224924	0	4850,100	618	124
-12.45	-11.55	-0.241747366932919	0	4850,100	624	129
-11.45	-10.55	-1.08998374213614	0	4850,100	625	129
-9.45	-8.55	-2.65992789990811	0	4850,100	627	130
-8.45	-7.55	-1.33102424542306	0	4850,100	628	130
-7.45	-6.55	-2.19763907542235	0	4850,100	629	130
-6.45	-5.55	-1.34445465469711	0	4850,100	630	130
-5.45	-4.55	-2.11705661977804	0	4850,100	631	130
-4.45	-3.55	-1.08998374213614	0	4850,100	632	130
-3.45	-2.55	-2.59277585353785	0	4850,100	633	130
-2.45	-1.55	-0.358379868523362	0	4850,100	634	130
-1.45	-0.55	-1.14441224287835	0	4850,100	635	130
-0.45	0.45	-2.32346080441083	0	4850,100	636	130
0.55	1.45	-4.20725242100799	0	4850,100	637	130
1.55	2.45	-1.22358097123065	0	4850,100	638	130
2.55	3.45	-4.06022478263943	0	4850,100	639	130
3.55	4.45	-1.60033929455008	0	4850,100	640	130
-45.45	-44.55	-0.412808369265569	0	4900,150	641	130
-44.45	-43.55	-0.782498056124974	0	4900,150	642	130
-40.45	-39.55	-0.301123913197144	0	4900,150	646	133
-39.45	-38.55	-0.810065738319078	0	4900,150	647	133
-34.45	-33.55	-0.930939421785538	0	4900,150	652	137
-26.45	-25.55	-1.07089842369407	0	4900,150	660	144
-23.45	-22.55	-2.04071534600975	0	4900,150	663	146
-21.45	-20.55	-7.01632855022266	0	4900,150	665	147
-20.45	-19.55	-1.96366720859546	0	4900,150	666	147
-19.45	-18.55	-0.778256874248957	0	4900,150	667	147
-18.45	-17.55	-0.761292146744893	0	4900,150	668	147
-17.45	-16.55	-1.02495228670389	0	4900,150	669	147
-16.45	-15.55	-1.69293843217643	0	4900,150	670	147
-15.45	-14.55	-3.93086873542094	0	4900,150	671	147
-14.45	-13.55	-2.6040856718739	0	4900,150	672	147
-13.45	-12.55	-1.22782215310667	0	4900,150	673	147
-12.45	-11.55	-3.5272495935534	0	4900,150	674	147
-11.45	-10.55	-0.139252138262529	0	4900,150	675	147
-9.45	-8.55	-1.32961051813105	0	4900,150	677	148
-8.45	-7.55	-3.51381918427935	0	4900,150	678	148
-7.45	-6.55	-2.42807662401923	0	4900,150	679	148
-3.45	-2.55	-4.47656747013501	0	4900,150	683	151
-2.45	-1.55	-2.42242171485121	0	4900,150	684	151
-1.45	-0.55	-1.10270728776419	0	4900,150	685	151
1.55	2.45	-1.23206333498268	0	4900,150	688	153
2.55	3.45	-0.0869442284583304	0	4900,150	689	153
3.55	4.45	-0.640418463278434	0	4900,150	690	153
-45.45	-44.55	-2.3418392592069	0	4800,0	692	154
-44.45	-43.55	-1.75443556937867	0	4800,0	693	154
-43.45	-42.55	-4.66388633632572	0	4800,0	694	154
-42.45	-41.55	-2.75959567399449	0	4800,0	695	154
-41.45	-40.55	-5.47112462006079	0	4800,0	696	154
-40.45	-39.55	-3.35689545486676	0	4800,0	697	154
-39.45	-38.55	-2.87622817558493	0	4800,0	698	154
-38.45	-37.55	-3.83049409768856	0	4800,0	699	154
-37.45	-36.55	-8.51841379797837	0	4800,0	700	154
-36.45	-35.55	-2.00961334558564	0	4800,0	701	154
-35.45	-34.55	-5.30925284512618	0	4800,0	702	154
-34.45	-33.55	-2.99639499540539	0	4800,0	703	154
-33.45	-32.55	-1.24337315331873	0	4800,0	704	154
-32.45	-31.55	-3.25086590796635	0	4800,0	705	154
-31.45	-30.55	-6.11861171979925	0	4800,0	706	154
-30.45	-29.55	-4.87382483918852	0	4800,0	707	154
-29.45	-28.55	-1.66537074998233	0	4800,0	708	154
-28.45	-27.55	-0.840460875097194	0	4800,0	709	154
-27.45	-26.55	-3.09676963313777	0	4800,0	710	154
-26.45	-25.55	-3.69406941401004	0	4800,0	711	154
-25.45	-24.55	-3.34346504559271	0	4800,0	712	154
-24.45	-23.55	-2.97872340425532	0	4800,0	713	154
-23.45	-22.55	-0.995264013571782	0	4800,0	714	154
-22.45	-21.55	-3.79656464268043	0	4800,0	715	154
-21.45	-20.55	-8.16780942956104	0	4800,0	716	154
-20.45	-19.55	-0.0869442284583304	0	4800,0	717	154
-18.45	-17.55	-2.81331731109069	0	4800,0	719	155
-17.45	-16.55	-0.566904644094154	0	4800,0	720	155
-16.45	-15.55	-2.57227680780377	0	4800,0	721	155
-15.45	-14.55	-0.822789283947127	0	4800,0	722	155
-14.45	-13.55	-0.196508093588747	0	4800,0	723	155
-13.45	-12.55	-0.221248321198841	0	4800,0	724	155
-12.45	-11.55	-3.31731109069061	0	4800,0	725	155
-11.45	-10.55	-2.14108998374214	0	4800,0	726	155
-10.45	-9.55	-0.812893192903089	0	4800,0	727	155
-9.45	-8.55	-3.43465045592705	0	4800,0	728	155
-8.45	-7.55	-2.50441789778752	0	4800,0	729	155
-7.45	-6.55	-2.19834593906835	0	4800,0	730	155
-6.45	-5.55	-1.92549657171132	0	4800,0	731	155
-5.45	-4.55	-3.27701986286845	0	4800,0	732	155
-0.45	0.45	-0.291227822153107	0	4800,0	737	159
0.55	1.45	-0.465116279069768	0	4800,0	738	159
1.55	2.45	-0.581041917014208	0	4800,0	739	159
2.55	3.45	-0.166819820456634	0	4800,0	740	159
3.55	4.45	-0.0523079098041988	0	4800,0	741	159
-45.45	-44.55	-0.412808369265569	0	4900,100	743	160
-44.45	-43.55	-0.782498056124974	0	4900,100	744	160
-40.45	-39.55	-0.301123913197144	0	4900,100	748	163
-39.45	-38.55	-0.810065738319078	0	4900,100	749	163
-34.45	-33.55	-0.930939421785538	0	4900,100	754	167
-26.45	-25.55	-1.07089842369407	0	4900,100	762	174
-23.45	-22.55	-2.04071534600975	0	4900,100	765	176
-21.45	-20.55	-7.01632855022266	0	4900,100	767	177
-20.45	-19.55	-1.96366720859546	0	4900,100	768	177
-19.45	-18.55	-0.778256874248957	0	4900,100	769	177
-18.45	-17.55	-0.761292146744893	0	4900,100	770	177
-17.45	-16.55	-1.02495228670389	0	4900,100	771	177
-16.45	-15.55	-1.69293843217643	0	4900,100	772	177
-15.45	-14.55	-3.93086873542094	0	4900,100	773	177
-14.45	-13.55	-2.6040856718739	0	4900,100	774	177
-13.45	-12.55	-1.22782215310667	0	4900,100	775	177
-12.45	-11.55	-3.5272495935534	0	4900,100	776	177
-11.45	-10.55	-0.139252138262529	0	4900,100	777	177
-9.45	-8.55	-1.32961051813105	0	4900,100	779	178
-8.45	-7.55	-3.51381918427935	0	4900,100	780	178
-7.45	-6.55	-2.42807662401923	0	4900,100	781	178
-3.45	-2.55	-4.47656747013501	0	4900,100	785	181
-2.45	-1.55	-2.42242171485121	0	4900,100	786	181
-1.45	-0.55	-1.10270728776419	0	4900,100	787	181
1.55	2.45	-1.23206333498268	0	4900,100	790	183
2.55	3.45	-0.0869442284583304	0	4900,100	791	183
3.55	4.45	-0.640418463278434	0	4900,100	792	183
-44.45	-43.55	-1.20378878914257	0	4850,50	794	184
-42.45	-41.55	-0.562663462218138	0	4850,50	796	185
-41.45	-40.55	-0.340708277373295	0	4850,50	797	185
-40.45	-39.55	-3.3674984095568	0	4850,50	798	185
-39.45	-38.55	-0.611437053792324	0	4850,50	799	185
-37.45	-36.55	-0.0445324096981692	0	4850,50	801	186
-36.45	-35.55	-0.72100091892274	0	4850,50	802	186
-35.45	-34.55	-0.142786456492543	0	4850,50	803	186
-33.45	-32.55	-2.64013571782003	0	4850,50	805	187
-32.45	-31.55	-1.28437124478688	0	4850,50	806	187
-31.45	-30.55	-1.842793525129	0	4850,50	807	187
-30.45	-29.55	-3.5534035484555	0	4850,50	808	187
-29.45	-28.55	-4.83282674772037	0	4850,50	809	187
-28.45	-27.55	-2.1587615748922	0	4850,50	810	187
-27.45	-26.55	-5.44991871068071	0	4850,50	811	187
-25.45	-24.55	-5.00388775005301	0	4850,50	813	188
-24.45	-23.55	-0.164699229518626	0	4850,50	814	188
-23.45	-22.55	-0.607195871916307	0	4850,50	815	188
-22.45	-21.55	-4.40941542376476	0	4850,50	816	188
-21.45	-20.55	-1.16279069767442	0	4850,50	817	188
-20.45	-19.55	-0.0869442284583304	0	4850,50	818	188
-18.45	-17.55	-0.243161094224924	0	4850,50	820	189
-12.45	-11.55	-0.241747366932919	0	4850,50	826	194
-11.45	-10.55	-1.08998374213614	0	4850,50	827	194
-9.45	-8.55	-2.65992789990811	0	4850,50	829	195
-8.45	-7.55	-1.33102424542306	0	4850,50	830	195
-7.45	-6.55	-2.19763907542235	0	4850,50	831	195
-6.45	-5.55	-1.34445465469711	0	4850,50	832	195
-5.45	-4.55	-2.11705661977804	0	4850,50	833	195
-4.45	-3.55	-1.08998374213614	0	4850,50	834	195
-3.45	-2.55	-2.59277585353785	0	4850,50	835	195
-2.45	-1.55	-0.358379868523362	0	4850,50	836	195
-1.45	-0.55	-1.14441224287835	0	4850,50	837	195
-0.45	0.45	-2.32346080441083	0	4850,50	838	195
0.55	1.45	-4.20725242100799	0	4850,50	839	195
1.55	2.45	-1.22358097123065	0	4850,50	840	195
2.55	3.45	-4.06022478263943	0	4850,50	841	195
3.55	4.45	-1.60033929455008	0	4850,50	842	195
-38.45	-37.55	-1.07655333286209	0	4950,150	849	201
-37.45	-36.55	-1.22570156216866	0	4950,150	850	201
-36.45	-35.55	-4.57340778963738	0	4950,150	851	201
-35.45	-34.55	-0.338587686435287	0	4950,150	852	201
-31.45	-30.55	-0.98960910440376	0	4950,150	856	204
-28.45	-27.55	-0.0954265922103626	0	4950,150	859	206
-27.45	-26.55	-1.99194175443557	0	4950,150	860	206
-26.45	-25.55	-1.56923729412596	0	4950,150	861	206
-24.45	-23.55	-0.433307414999647	0	4950,150	863	207
-23.45	-22.55	-2.84724676609882	0	4950,150	864	207
-22.45	-21.55	-2.20258712094437	0	4950,150	865	207
-20.45	-19.55	-3.37668763695483	0	4950,150	867	208
-15.45	-14.55	-0.0275676821941048	0	4950,150	872	212
-14.45	-13.55	-0.715346009754718	0	4950,150	873	212
-12.45	-11.55	-0.677175372870573	0	4950,150	875	213
-11.45	-10.55	-0.518837916165972	0	4950,150	876	213
-10.45	-9.55	-0.351311232063335	0	4950,150	877	213
-7.45	-6.55	-0.488442779387856	0	4950,150	880	215
0.55	1.45	-0.0756344101222874	0	4950,150	888	222
1.55	2.45	-1.12462006079027	0	4950,150	889	222
-44.45	-43.55	-1.20378878914257	0	4850,0	892	224
-42.45	-41.55	-0.562663462218138	0	4850,0	894	225
-41.45	-40.55	-0.340708277373295	0	4850,0	895	225
-40.45	-39.55	-3.3674984095568	0	4850,0	896	225
-39.45	-38.55	-0.611437053792324	0	4850,0	897	225
-37.45	-36.55	-0.0445324096981692	0	4850,0	899	226
-36.45	-35.55	-0.72100091892274	0	4850,0	900	226
-35.45	-34.55	-0.142786456492543	0	4850,0	901	226
-33.45	-32.55	-2.64013571782003	0	4850,0	903	227
-32.45	-31.55	-1.28437124478688	0	4850,0	904	227
-31.45	-30.55	-1.842793525129	0	4850,0	905	227
-30.45	-29.55	-3.5534035484555	0	4850,0	906	227
-29.45	-28.55	-4.83282674772037	0	4850,0	907	227
-28.45	-27.55	-2.1587615748922	0	4850,0	908	227
-27.45	-26.55	-5.44991871068071	0	4850,0	909	227
-25.45	-24.55	-5.00388775005301	0	4850,0	911	228
-24.45	-23.55	-0.164699229518626	0	4850,0	912	228
-23.45	-22.55	-0.607195871916307	0	4850,0	913	228
-22.45	-21.55	-4.40941542376476	0	4850,0	914	228
-21.45	-20.55	-1.16279069767442	0	4850,0	915	228
-20.45	-19.55	-0.0869442284583304	0	4850,0	916	228
-18.45	-17.55	-0.243161094224924	0	4850,0	918	229
-12.45	-11.55	-0.241747366932919	0	4850,0	924	234
-11.45	-10.55	-1.08998374213614	0	4850,0	925	234
-9.45	-8.55	-2.65992789990811	0	4850,0	927	235
-8.45	-7.55	-1.33102424542306	0	4850,0	928	235
-7.45	-6.55	-2.19763907542235	0	4850,0	929	235
-6.45	-5.55	-1.34445465469711	0	4850,0	930	235
-5.45	-4.55	-2.11705661977804	0	4850,0	931	235
-4.45	-3.55	-1.08998374213614	0	4850,0	932	235
-3.45	-2.55	-2.59277585353785	0	4850,0	933	235
-2.45	-1.55	-0.358379868523362	0	4850,0	934	235
-1.45	-0.55	-1.14441224287835	0	4850,0	935	235
-0.45	0.45	-2.32346080441083	0	4850,0	936	235
0.55	1.45	-4.20725242100799	0	4850,0	937	235
1.55	2.45	-1.22358097123065	0	4850,0	938	235
2.55	3.45	-4.06022478263943	0	4850,0	939	235
3.55	4.45	-1.60033929455008	0	4850,0	940	235
-45.45	-44.55	-0.412808369265569	0	4900,50	941	235
-44.45	-43.55	-0.782498056124974	0	4900,50	942	235
-40.45	-39.55	-0.301123913197144	0	4900,50	946	238
-39.45	-38.55	-0.810065738319078	0	4900,50	947	238
-34.45	-33.55	-0.930939421785538	0	4900,50	952	242
-26.45	-25.55	-1.07089842369407	0	4900,50	960	249
-23.45	-22.55	-2.04071534600975	0	4900,50	963	251
-21.45	-20.55	-7.01632855022266	0	4900,50	965	252
-20.45	-19.55	-1.96366720859546	0	4900,50	966	252
-19.45	-18.55	-0.778256874248957	0	4900,50	967	252
-18.45	-17.55	-0.761292146744893	0	4900,50	968	252
-17.45	-16.55	-1.02495228670389	0	4900,50	969	252
-16.45	-15.55	-1.69293843217643	0	4900,50	970	252
-15.45	-14.55	-3.93086873542094	0	4900,50	971	252
-14.45	-13.55	-2.6040856718739	0	4900,50	972	252
-13.45	-12.55	-1.22782215310667	0	4900,50	973	252
-12.45	-11.55	-3.5272495935534	0	4900,50	974	252
-11.45	-10.55	-0.139252138262529	0	4900,50	975	252
-9.45	-8.55	-1.32961051813105	0	4900,50	977	253
-8.45	-7.55	-3.51381918427935	0	4900,50	978	253
-7.45	-6.55	-2.42807662401923	0	4900,50	979	253
-3.45	-2.55	-4.47656747013501	0	4900,50	983	256
-2.45	-1.55	-2.42242171485121	0	4900,50	984	256
-1.45	-0.55	-1.10270728776419	0	4900,50	985	256
1.55	2.45	-1.23206333498268	0	4900,50	988	258
2.55	3.45	-0.0869442284583304	0	4900,50	989	258
3.55	4.45	-0.640418463278434	0	4900,50	990	258
-38.45	-37.55	-1.07655333286209	0	4950,100	998	265
-37.45	-36.55	-1.22570156216866	0	4950,100	999	265
-36.45	-35.55	-4.57340778963738	0	4950,100	1000	265
-35.45	-34.55	-0.338587686435287	0	4950,100	1001	265
-31.45	-30.55	-0.98960910440376	0	4950,100	1005	268
-28.45	-27.55	-0.0954265922103626	0	4950,100	1008	270
-27.45	-26.55	-1.99194175443557	0	4950,100	1009	270
-26.45	-25.55	-1.56923729412596	0	4950,100	1010	270
-24.45	-23.55	-0.433307414999647	0	4950,100	1012	271
-23.45	-22.55	-2.84724676609882	0	4950,100	1013	271
-22.45	-21.55	-2.20258712094437	0	4950,100	1014	271
-20.45	-19.55	-3.37668763695483	0	4950,100	1016	272
-15.45	-14.55	-0.0275676821941048	0	4950,100	1021	276
-14.45	-13.55	-0.715346009754718	0	4950,100	1022	276
-12.45	-11.55	-0.677175372870573	0	4950,100	1024	277
-11.45	-10.55	-0.518837916165972	0	4950,100	1025	277
-10.45	-9.55	-0.351311232063335	0	4950,100	1026	277
-7.45	-6.55	-0.488442779387856	0	4950,100	1029	279
0.55	1.45	-0.0756344101222874	0	4950,100	1037	286
1.55	2.45	-1.12462006079027	0	4950,100	1038	286
-45.45	-44.55	-0.412808369265569	0	4900,0	1041	288
-44.45	-43.55	-0.782498056124974	0	4900,0	1042	288
-40.45	-39.55	-0.301123913197144	0	4900,0	1046	291
-39.45	-38.55	-0.810065738319078	0	4900,0	1047	291
-34.45	-33.55	-0.930939421785538	0	4900,0	1052	295
-26.45	-25.55	-1.07089842369407	0	4900,0	1060	302
-23.45	-22.55	-2.04071534600975	0	4900,0	1063	304
-21.45	-20.55	-7.01632855022266	0	4900,0	1065	305
-20.45	-19.55	-1.96366720859546	0	4900,0	1066	305
-19.45	-18.55	-0.778256874248957	0	4900,0	1067	305
-18.45	-17.55	-0.761292146744893	0	4900,0	1068	305
-17.45	-16.55	-1.02495228670389	0	4900,0	1069	305
-16.45	-15.55	-1.69293843217643	0	4900,0	1070	305
-15.45	-14.55	-3.93086873542094	0	4900,0	1071	305
-14.45	-13.55	-2.6040856718739	0	4900,0	1072	305
-13.45	-12.55	-1.22782215310667	0	4900,0	1073	305
-12.45	-11.55	-3.5272495935534	0	4900,0	1074	305
-11.45	-10.55	-0.139252138262529	0	4900,0	1075	305
-9.45	-8.55	-1.32961051813105	0	4900,0	1077	306
-8.45	-7.55	-3.51381918427935	0	4900,0	1078	306
-7.45	-6.55	-2.42807662401923	0	4900,0	1079	306
-3.45	-2.55	-4.47656747013501	0	4900,0	1083	309
-2.45	-1.55	-2.42242171485121	0	4900,0	1084	309
-1.45	-0.55	-1.10270728776419	0	4900,0	1085	309
1.55	2.45	-1.23206333498268	0	4900,0	1088	311
2.55	3.45	-0.0869442284583304	0	4900,0	1089	311
3.55	4.45	-0.640418463278434	0	4900,0	1090	311
-38.45	-37.55	-1.07655333286209	0	4950,50	1098	318
-37.45	-36.55	-1.22570156216866	0	4950,50	1099	318
-36.45	-35.55	-4.57340778963738	0	4950,50	1100	318
-35.45	-34.55	-0.338587686435287	0	4950,50	1101	318
-31.45	-30.55	-0.98960910440376	0	4950,50	1105	321
-28.45	-27.55	-0.0954265922103626	0	4950,50	1108	323
-27.45	-26.55	-1.99194175443557	0	4950,50	1109	323
-26.45	-25.55	-1.56923729412596	0	4950,50	1110	323
-24.45	-23.55	-0.433307414999647	0	4950,50	1112	324
-23.45	-22.55	-2.84724676609882	0	4950,50	1113	324
-22.45	-21.55	-2.20258712094437	0	4950,50	1114	324
-20.45	-19.55	-3.37668763695483	0	4950,50	1116	325
-15.45	-14.55	-0.0275676821941048	0	4950,50	1121	329
-14.45	-13.55	-0.715346009754718	0	4950,50	1122	329
-12.45	-11.55	-0.677175372870573	0	4950,50	1124	330
-11.45	-10.55	-0.518837916165972	0	4950,50	1125	330
-10.45	-9.55	-0.351311232063335	0	4950,50	1126	330
-7.45	-6.55	-0.488442779387856	0	4950,50	1129	332
0.55	1.45	-0.0756344101222874	0	4950,50	1137	339
1.55	2.45	-1.12462006079027	0	4950,50	1138	339
-44.45	-43.55	-0.427652505831625	0	5000,100	1142	342
-39.45	-38.55	-1.53177352088782	0	5000,100	1147	346
-37.45	-36.55	-0.862373648123277	0	5000,100	1149	347
-36.45	-35.55	-1.43634692867746	0	5000,100	1150	347
-30.45	-29.55	-0.270021912773026	0	5000,100	1156	352
-26.45	-25.55	-1.81946702481091	0	5000,100	1160	355
-25.45	-24.55	-0.387361278009472	0	5000,100	1161	355
-24.45	-23.55	-3.29963949954054	0	5000,100	1162	355
-22.45	-21.55	-3.66932918639994	0	5000,100	1164	356
-20.45	-19.55	-1.09210433307415	0	5000,100	1166	357
-19.45	-18.55	-1.90499752597724	0	5000,100	1167	357
-17.45	-16.55	-1.35647133667915	0	5000,100	1169	358
-16.45	-15.55	-1.57913338517	0	5000,100	1170	358
-15.45	-14.55	-1.50349897504771	0	5000,100	1171	358
-14.45	-13.55	-0.0819961829363116	0	5000,100	1172	358
-13.45	-12.55	-1.01576305930586	0	5000,100	1173	358
-11.45	-10.55	-0.392309323531491	0	5000,100	1175	359
-10.45	-9.55	-0.916802148865484	0	5000,100	1176	359
-9.45	-8.55	-0.410687778327561	0	5000,100	1177	359
-8.45	-7.55	-0.116632501590443	0	5000,100	1178	359
-7.45	-6.55	-0.356259277585354	0	5000,100	1179	359
-6.45	-5.55	-0.499045734077896	0	5000,100	1180	359
-5.45	-4.55	-1.02848660493391	0	5000,100	1181	359
-3.45	-2.55	-0.0954265922103626	0	5000,100	1183	360
-2.45	-1.55	-0.060790273556231	0	5000,100	1184	360
-1.45	-0.55	-0.161871774934615	0	5000,100	1185	360
4.55	5.45	-0.665158690888528	0	5000,100	1191	365
-38.45	-37.55	-1.07655333286209	0	4950,0	1198	371
-37.45	-36.55	-1.22570156216866	0	4950,0	1199	371
-36.45	-35.55	-4.57340778963738	0	4950,0	1200	371
-35.45	-34.55	-0.338587686435287	0	4950,0	1201	371
-31.45	-30.55	-0.98960910440376	0	4950,0	1205	374
-28.45	-27.55	-0.0954265922103626	0	4950,0	1208	376
-27.45	-26.55	-1.99194175443557	0	4950,0	1209	376
-26.45	-25.55	-1.56923729412596	0	4950,0	1210	376
-24.45	-23.55	-0.433307414999647	0	4950,0	1212	377
-23.45	-22.55	-2.84724676609882	0	4950,0	1213	377
-22.45	-21.55	-2.20258712094437	0	4950,0	1214	377
-20.45	-19.55	-3.37668763695483	0	4950,0	1216	378
-15.45	-14.55	-0.0275676821941048	0	4950,0	1221	382
-14.45	-13.55	-0.715346009754718	0	4950,0	1222	382
-12.45	-11.55	-0.677175372870573	0	4950,0	1224	383
-11.45	-10.55	-0.518837916165972	0	4950,0	1225	383
-10.45	-9.55	-0.351311232063335	0	4950,0	1226	383
-7.45	-6.55	-0.488442779387856	0	4950,0	1229	385
0.55	1.45	-0.0756344101222874	0	4950,0	1237	392
1.55	2.45	-1.12462006079027	0	4950,0	1238	392
-44.45	-43.55	-0.427652505831625	0	5000,50	1242	395
-39.45	-38.55	-1.53177352088782	0	5000,50	1247	399
-37.45	-36.55	-0.862373648123277	0	5000,50	1249	400
-36.45	-35.55	-1.43634692867746	0	5000,50	1250	400
-30.45	-29.55	-0.270021912773026	0	5000,50	1256	405
-26.45	-25.55	-1.81946702481091	0	5000,50	1260	408
-25.45	-24.55	-0.387361278009472	0	5000,50	1261	408
-24.45	-23.55	-3.29963949954054	0	5000,50	1262	408
-22.45	-21.55	-3.66932918639994	0	5000,50	1264	409
-20.45	-19.55	-1.09210433307415	0	5000,50	1266	410
-19.45	-18.55	-1.90499752597724	0	5000,50	1267	410
-17.45	-16.55	-1.35647133667915	0	5000,50	1269	411
-16.45	-15.55	-1.57913338517	0	5000,50	1270	411
-15.45	-14.55	-1.50349897504771	0	5000,50	1271	411
-14.45	-13.55	-0.0819961829363116	0	5000,50	1272	411
-13.45	-12.55	-1.01576305930586	0	5000,50	1273	411
-11.45	-10.55	-0.392309323531491	0	5000,50	1275	412
-10.45	-9.55	-0.916802148865484	0	5000,50	1276	412
-9.45	-8.55	-0.410687778327561	0	5000,50	1277	412
-8.45	-7.55	-0.116632501590443	0	5000,50	1278	412
-7.45	-6.55	-0.356259277585354	0	5000,50	1279	412
-6.45	-5.55	-0.499045734077896	0	5000,50	1280	412
-5.45	-4.55	-1.02848660493391	0	5000,50	1281	412
-3.45	-2.55	-0.0954265922103626	0	5000,50	1283	413
-2.45	-1.55	-0.060790273556231	0	5000,50	1284	413
-1.45	-0.55	-0.161871774934615	0	5000,50	1285	413
4.55	5.45	-0.665158690888528	0	5000,50	1291	418
-44.45	-43.55	-0.427652505831625	0	5000,0	1293	419
-39.45	-38.55	-1.53177352088782	0	5000,0	1298	423
-37.45	-36.55	-0.862373648123277	0	5000,0	1300	424
-36.45	-35.55	-1.43634692867746	0	5000,0	1301	424
-30.45	-29.55	-0.270021912773026	0	5000,0	1307	429
-26.45	-25.55	-1.81946702481091	0	5000,0	1311	432
-25.45	-24.55	-0.387361278009472	0	5000,0	1312	432
-24.45	-23.55	-3.29963949954054	0	5000,0	1313	432
-22.45	-21.55	-3.66932918639994	0	5000,0	1315	433
-20.45	-19.55	-1.09210433307415	0	5000,0	1317	434
-19.45	-18.55	-1.90499752597724	0	5000,0	1318	434
-17.45	-16.55	-1.35647133667915	0	5000,0	1320	435
-16.45	-15.55	-1.57913338517	0	5000,0	1321	435
-15.45	-14.55	-1.50349897504771	0	5000,0	1322	435
-14.45	-13.55	-0.0819961829363116	0	5000,0	1323	435
-13.45	-12.55	-1.01576305930586	0	5000,0	1324	435
-11.45	-10.55	-0.392309323531491	0	5000,0	1326	436
-10.45	-9.55	-0.916802148865484	0	5000,0	1327	436
-9.45	-8.55	-0.410687778327561	0	5000,0	1328	436
-8.45	-7.55	-0.116632501590443	0	5000,0	1329	436
-7.45	-6.55	-0.356259277585354	0	5000,0	1330	436
-6.45	-5.55	-0.499045734077896	0	5000,0	1331	436
-5.45	-4.55	-1.02848660493391	0	5000,0	1332	436
-3.45	-2.55	-0.0954265922103626	0	5000,0	1334	437
-2.45	-1.55	-0.060790273556231	0	5000,0	1335	437
-1.45	-0.55	-0.161871774934615	0	5000,0	1336	437
4.55	5.45	-0.665158690888528	0	5000,0	1342	442
-44.45	-43.55	-2.8147310383827	0	5050,50	1343	442
-38.45	-37.55	-0.137131547324521	0	5050,50	1349	447
-36.45	-35.55	-0.245281685162932	0	5050,50	1351	448
-28.45	-27.55	-1.0270728776419	0	5050,50	1359	455
-27.45	-26.55	-1.21721919841663	0	5050,50	1360	455
-26.45	-25.55	-2.83098890224076	0	5050,50	1361	455
-23.45	-22.55	-0.351311232063335	0	5050,50	1364	457
-22.45	-21.55	-1.56146179401993	0	5050,50	1365	457
-21.45	-20.55	-1.69435215946844	0	5050,50	1366	457
-19.45	-18.55	-0.371810277797413	0	5050,50	1368	458
-18.45	-17.55	-0.489856506679861	0	5050,50	1369	458
-17.45	-16.55	-0.279211140171061	0	5050,50	1370	458
-16.45	-15.55	-0.341415141019297	0	5050,50	1371	458
-14.45	-13.55	-2.41040503286916	0	5050,50	1373	459
-13.45	-12.55	-2.38637166890507	0	5050,50	1374	459
-12.45	-11.55	-3.51523291157136	0	5050,50	1375	459
-11.45	-10.55	-0.73160387361278	0	5050,50	1376	459
-9.45	-8.55	-1.1302749699583	0	5050,50	1378	460
-6.45	-5.55	-0.823496147593129	0	5050,50	1381	462
-3.45	-2.55	-0.0332225913621263	0	5050,50	1384	464
-2.45	-1.55	-0.789566692585	0	5050,50	1385	464
-1.45	-0.55	-1.13805047006432	0	5050,50	1386	464
-0.45	0.45	-4.5267547890012	0	5050,50	1387	464
0.55	1.45	-1.0793807874461	0	5050,50	1388	464
2.55	3.45	-1.20449565278858	0	5050,50	1390	465
3.55	4.45	-2.20612143917438	0	5050,50	1391	465
-44.45	-43.55	-2.8147310383827	0	5050,0	1392	465
-38.45	-37.55	-0.137131547324521	0	5050,0	1398	470
-36.45	-35.55	-0.245281685162932	0	5050,0	1400	471
-28.45	-27.55	-1.0270728776419	0	5050,0	1408	478
-27.45	-26.55	-1.21721919841663	0	5050,0	1409	478
-26.45	-25.55	-2.83098890224076	0	5050,0	1410	478
-23.45	-22.55	-0.351311232063335	0	5050,0	1413	480
-22.45	-21.55	-1.56146179401993	0	5050,0	1414	480
-21.45	-20.55	-1.69435215946844	0	5050,0	1415	480
-19.45	-18.55	-0.371810277797413	0	5050,0	1417	481
-18.45	-17.55	-0.489856506679861	0	5050,0	1418	481
-17.45	-16.55	-0.279211140171061	0	5050,0	1419	481
-16.45	-15.55	-0.341415141019297	0	5050,0	1420	481
-14.45	-13.55	-2.41040503286916	0	5050,0	1422	482
-13.45	-12.55	-2.38637166890507	0	5050,0	1423	482
-12.45	-11.55	-3.51523291157136	0	5050,0	1424	482
-11.45	-10.55	-0.73160387361278	0	5050,0	1425	482
-9.45	-8.55	-1.1302749699583	0	5050,0	1427	483
-6.45	-5.55	-0.823496147593129	0	5050,0	1430	485
-3.45	-2.55	-0.0332225913621263	0	5050,0	1433	487
-2.45	-1.55	-0.789566692585	0	5050,0	1434	487
-1.45	-0.55	-1.13805047006432	0	5050,0	1435	487
-0.45	0.45	-4.5267547890012	0	5050,0	1436	487
0.55	1.45	-1.0793807874461	0	5050,0	1437	487
2.55	3.45	-1.20449565278858	0	5050,0	1439	488
3.55	4.45	-2.20612143917438	0	5050,0	1440	488
-45.45	-44.55	-4.94592493108079	0	5100,0	1441	488
-44.45	-43.55	-2.4217148512052	0	5100,0	1442	488
-43.45	-42.55	-3.22400508941825	0	5100,0	1443	488
-42.45	-41.55	-2.20258712094437	0	5100,0	1444	488
-41.45	-40.55	-6.41337386018237	0	5100,0	1445	488
-40.45	-39.55	-0.0445324096981692	0	5100,0	1446	488
-39.45	-38.55	-7.93101010815014	0	5100,0	1447	488
-38.45	-37.55	-8.3416978864777	0	5100,0	1448	488
-37.45	-36.55	-1.9735632996395	0	5100,0	1449	488
-36.45	-35.55	-1.10058669682618	0	5100,0	1450	488
-35.45	-34.55	-0.970523785961688	0	5100,0	1451	488
-34.45	-33.55	-1.54096274828586	0	5100,0	1452	488
-33.45	-32.55	-3.94571287198699	0	5100,0	1453	488
-32.45	-31.55	-4.06163850993143	0	5100,0	1454	488
-31.45	-30.55	-6.5257651798968	0	5100,0	1455	488
-30.45	-29.55	-1.37060860959921	0	5100,0	1456	488
-28.45	-27.55	-6.23170990315968	0	5100,0	1458	489
-27.45	-26.55	-0.506114370537923	0	5100,0	1459	489
-26.45	-25.55	-1.41584788294338	0	5100,0	1460	489
-25.45	-24.55	-3.15543931575599	0	5100,0	1461	489
-24.45	-23.55	-0.279211140171061	0	5100,0	1462	489
-23.45	-22.55	-4.25107796706015	0	5100,0	1463	489
-22.45	-21.55	-1.62861384039019	0	5100,0	1464	489
-21.45	-20.55	-7.61716264932495	0	5100,0	1465	489
-20.45	-19.55	-2.78150844702057	0	5100,0	1466	489
-19.45	-18.55	-5.67187389552555	0	5100,0	1467	489
-18.45	-17.55	-4.12101505619566	0	5100,0	1468	489
-17.45	-16.55	-1.83784547960698	0	5100,0	1469	489
-16.45	-15.55	-1.57206474870997	0	5100,0	1470	489
-15.45	-14.55	-1.46886265639358	0	5100,0	1471	489
-13.45	-12.55	-3.20067858910016	0	5100,0	1473	490
-12.45	-11.55	-2.99498126811338	0	5100,0	1474	490
-11.45	-10.55	-1.80957093376688	0	5100,0	1475	490
-10.45	-9.55	-3.13706086095992	0	5100,0	1476	490
-9.45	-8.55	-0.6842440093306	0	5100,0	1477	490
