group	fill	clickSelects
2	#FFFFFF	2
3	#FFFFFF	2
4	#FFFFFF	33
5	#FFFFFF	33
6	#FFFFFF	33
7	#FFFFFF	33
8	#FFFFFF	33
9	#FFFFFF	33
10	#FFFFFF	33
11	#FFFFFF	33
12	#FFFFFF	33
13	#FFFFFF	33
14	#FFFFFF	2
15	#FFFFFF	37
16	#FFFFFF	37
17	#FFFFFF	37
18	#FFFFFF	37
19	#FFFFFF	37
20	#FFFFFF	37
21	#FFFFFF	33
22	#FFFFFF	33
23	#FFFFFF	33
24	#FFFFFF	33
25	#FFFFFF	33
26	#FFFFFF	33
27	#FFFFFF	33
28	#FFFFFF	33
29	#FFFFFF	33
30	#FFFFFF	33
31	#FFFFFF	33
32	#FFFFFF	33
33	#FFFFFF	33
34	#FFFFFF	33
35	#FFFFFF	33
36	#FFFFFF	33
37	#FFFFFF	33
38	#FFFFFF	33
39	#FFFFFF	33
40	#FFFFFF	33
41	#FFFFFF	33
42	#FFFFFF	33
43	#FFFFFF	37
44	#FFFFFF	37
45	#FFFFFF	33
46	#FFFFFF	33
47	#FFFFFF	33
48	#FFFFFF	33
49	#FFFFFF	2
50	#FFFFFF	2
52	#FFFFFF	2
53	#FFFFFF	2
54	#FFFFFF	33
55	#FFFFFF	33
56	#FFFFFF	33
57	#FFFFFF	33
58	#FFFFFF	33
59	#FFFFFF	33
60	#FFFFFF	37
61	#FFFFFF	33
62	#FFFFFF	33
63	#FFFFFF	33
64	#FFFFFF	2
65	#FFFFFF	37
66	#FFFFFF	37
67	#FFFFFF	37
68	#FFFFFF	37
69	#FFFFFF	37
70	#FFFFFF	37
71	#FFFFFF	37
72	#FFFFFF	33
73	#FFFFFF	33
74	#FFFFFF	33
75	#FFFFFF	33
76	#FFFFFF	33
77	#FFFFFF	33
78	#FFFFFF	33
79	#FFFFFF	33
80	#FFFFFF	33
81	#FFFFFF	33
82	#FFFFFF	33
83	#FFFFFF	33
84	#FFFFFF	33
85	#FFFFFF	33
86	#FFFFFF	33
87	#FFFFFF	33
88	#FFFFFF	33
89	#FFFFFF	33
90	#FFFFFF	33
91	#FFFFFF	33
92	#FFFFFF	33
93	#FFFFFF	33
94	#FFFFFF	37
95	#FFFFFF	37
96	#FFFFFF	37
97	#FFFFFF	33
98	#FFFFFF	33
99	#FFFFFF	2
100	#FFFFFF	2
101	#FFFFFF	2
103	#FFFFFF	2
104	#FFFFFF	2
105	#FFFFFF	33
106	#FFFFFF	33
107	#FFFFFF	33
108	#FFFFFF	33
109	#FFFFFF	33
110	#FFFFFF	37
111	#FFFFFF	37
112	#FFFFFF	33
113	#FFFFFF	33
114	#FFFFFF	37
115	#E3709E	165
116	#FFFFFF	37
117	#FFFFFF	37
118	#FFFFFF	37
119	#FFFFFF	37
120	#FFFFFF	273
121	#FFFFFF	37
122	#FFFFFF	37
123	#FFFFFF	33
124	#FFFFFF	37
125	#FFFFFF	37
126	#FFFFFF	33
127	#FFFFFF	33
128	#FFFFFF	33
129	#FFFFFF	33
130	#FFFFFF	33
131	#FFFFFF	33
132	#FFFFFF	33
133	#FFFFFF	33
134	#FFFFFF	33
135	#FFFFFF	33
136	#FFFFFF	33
137	#FFFFFF	33
138	#FFFFFF	33
139	#FFFFFF	33
140	#FFFFFF	33
141	#FFFFFF	33
142	#FFFFFF	33
143	#FFFFFF	33
144	#FFFFFF	33
145	#FFFFFF	37
146	#FFFFFF	37
147	#FFFFFF	33
148	#FFFFFF	33
149	#FFFFFF	2
150	#FFFFFF	33
151	#FFFFFF	33
153	#FFFEFE	255
154	#FFFEFE	255
155	#FFFFFF	33
156	#FFFFFF	33
157	#FFFFFF	33
158	#FFFFFF	33
159	#FFFFFF	33
160	#FFFFFF	33
161	#FFFFFF	33
162	#FFFFFF	33
163	#FFFFFF	33
164	#FFFFFF	33
165	#CD1076	174
166	#FFFFFF	33
167	#FFFFFF	37
168	#FFFFFF	37
169	#FFFFFF	207
170	#FFFFFF	37
171	#FFFFFF	37
172	#FFFFFF	33
173	#FFFFFF	33
174	#FFFFFF	33
175	#FFFFFF	33
176	#FFFEFE	255
177	#FFFFFF	37
178	#FFFFFF	37
179	#FFFFFF	33
180	#FFFFFF	33
181	#FFFFFF	37
182	#FFFFFF	37
183	#FFFFFF	33
184	#FFFFFF	33
185	#FFFFFF	33
186	#FFFFFF	33
187	#FFFFFF	33
188	#FFFFFF	37
189	#FFFFFF	37
190	#FFFFFF	33
191	#FFFFFF	33
192	#FFFFFF	37
193	#FFFFFF	37
194	#FFFFFF	37
195	#FFFFFF	37
196	#FFFFFF	37
197	#FFFFFF	33
198	#FFFFFF	33
199	#FFFEFE	255
200	#FFFEFE	255
201	#FFFEFE	255
202	#FFFEFE	255
204	#FFFEFE	255
205	#CD1076	174
206	#FFFFFF	33
207	#FFFFFF	33
208	#FFFFFF	33
209	#FFFFFF	33
210	#FFFFFF	33
211	#FFFFFF	33
212	#FFFFFF	33
213	#FFFFFF	33
214	#FFFFFF	37
215	#FFFFFF	37
216	#FFFEFE	255
217	#FFFFFF	33
218	#FFFFFF	37
219	#FFFFFF	207
220	#FFFFFF	37
221	#FFFFFF	37
222	#FFFFFF	37
223	#FFFFFF	33
224	#FFFFFF	33
225	#FFFFFF	33
226	#FFFFFF	37
227	#FFFEFE	255
228	#FFFFFF	37
229	#FFFFFF	33
230	#FFFFFF	33
231	#FFFFFF	37
232	#FFFFFF	37
233	#FFFFFF	37
234	#FFFFFF	33
235	#FFFFFF	33
236	#FFFFFF	33
237	#FFFFFF	37
238	#FFFFFF	33
239	#FFFFFF	33
240	#FFFFFF	37
241	#FFFFFF	37
242	#FFFFFF	37
243	#FFFFFF	37
244	#FFFFFF	37
245	#FFFFFF	37
246	#FFFFFF	37
247	#FFFFFF	33
248	#FFFFFF	33
249	#FFFEFE	255
250	#FFFFFF	33
251	#FFFEFE	255
252	#FFFEFE	255
254	#FFFEFE	255
255	#FFFEFE	255
256	#FFFEFE	255
257	#FFFFFF	33
258	#FFFFFF	33
259	#FFFFFF	33
260	#FFFFFF	33
261	#FFFFFF	33
262	#FFFFFF	33
263	#FFFFFF	37
264	#FFFFFF	37
265	#FFFFFF	37
266	#FFFEFE	255
267	#FFFFFF	37
268	#FFFFFF	37
269	#FFFFFF	207
270	#FFFFFF	37
271	#FFFFFF	207
272	#FFFFFF	207
273	#FFFFFF	37
274	#FFFFFF	37
275	#FFFFFF	33
276	#FFFFFF	37
277	#FFFEFE	255
278	#FFFFFF	37
279	#FFFFFF	37
280	#FFFFFF	33
281	#FFFFFF	37
282	#FFFFFF	37
283	#FFFFFF	37
284	#FFFFFF	37
285	#FFFFFF	33
286	#FFFFFF	33
287	#FFFFFF	37
288	#FFFEFE	255
289	#FFFFFF	37
290	#FFFFFF	33
291	#FFFFFF	37
292	#FFFFFF	37
293	#FFFFFF	37
294	#FFFFFF	33
295	#FFFFFF	37
296	#FFFFFF	33
297	#FFFFFF	33
298	#FFFFFF	33
299	#FFFFFF	33
300	#FFFFFF	33
301	#FFFFFF	33
302	#FFFEFE	255
303	#FFFEFE	255
305	#FFFEFE	255
306	#FFFEFE	255
307	#FFFFFF	33
308	#FFFFFF	33
309	#FFFFFF	33
310	#FFFFFF	33
311	#FFFFFF	33
312	#FFFFFF	33
313	#FFFFFF	33
314	#FFFFFF	37
315	#FFFFFF	37
316	#FFFFFF	207
317	#FFFEFE	255
318	#FFFFFF	37
319	#FFFFFF	37
320	#FFFFFF	207
321	#FFFFFF	207
322	#FFFFFF	207
323	#FFFFFF	37
324	#FFFFFF	37
325	#FFFFFF	33
326	#FFFFFF	33
327	#FFFFFF	33
328	#FFFEFE	255
329	#FFFFFF	37
330	#FFFFFF	33
331	#FFFFFF	33
332	#FFFFFF	37
333	#FFFFFF	37
334	#FFFFFF	37
335	#FFFFFF	37
336	#FFFFFF	33
337	#FFFFFF	37
338	#FFFFFF	33
339	#FFFEFE	255
340	#FFFFFF	37
341	#FFFFFF	33
342	#FFFFFF	37
343	#FFFFFF	37
344	#FFFFFF	37
345	#FFFFFF	33
346	#FFFFFF	33
347	#FFFFFF	33
348	#FFFFFF	37
349	#FFFFFF	33
350	#FFFFFF	33
351	#FFFFFF	33
352	#FFFEFE	255
353	#FFFEFE	255
355	#FFFEFE	255
356	#FFFEFE	255
357	#FFFFFF	37
358	#FFFFFF	33
359	#FFFFFF	33
360	#FFFFFF	33
361	#FFFFFF	33
362	#FFFFFF	33
363	#FFFFFF	33
364	#FFFFFF	33
365	#FFFFFF	37
366	#FFFFFF	207
367	#FFFEFE	255
368	#FFFFFF	207
369	#FFFFFF	37
370	#FFFFFF	207
371	#FFFFFF	207
372	#FFFFFF	207
373	#FFFFFF	207
374	#FFFFFF	207
375	#FFFFFF	37
376	#FFFFFF	33
377	#FFFFFF	33
378	#FFFEFE	255
379	#FFFFFF	33
380	#FFFFFF	37
381	#FFFFFF	33
382	#FFFFFF	37
383	#FFFFFF	37
384	#FFFFFF	37
385	#FFFFFF	37
386	#FFFFFF	37
387	#FFFFFF	37
388	#FFFFFF	33
389	#FFFEFE	255
390	#FFFFFF	37
391	#FFFFFF	33
392	#FFFFFF	37
393	#FFFFFF	37
394	#FFFFFF	37
395	#FFFFFF	33
396	#FFFFFF	33
397	#FFFFFF	37
398	#FFFFFF	37
399	#FFFFFF	37
400	#FFFEFE	255
401	#FFFEFE	255
402	#FFFFFF	33
403	#FFFEFE	255
404	#FFFEFE	255
406	#FFFEFE	255
407	#FFFEFE	255
408	#FFFFFF	37
409	#FFFFFF	33
410	#FFFFFF	37
411	#FFFFFF	37
412	#FFFFFF	33
413	#FFFFFF	33
414	#FFFFFF	33
415	#FFFFFF	33
416	#FFFFFF	37
417	#FFFFFF	207
418	#FFFEFE	255
419	#FFFFFF	207
420	#FFFFFF	37
421	#FFFFFF	207
422	#FFFFFF	207
423	#FFFFFF	207
424	#FFFFFF	207
425	#FFFFFF	37
426	#FFFFFF	37
427	#FFFFFF	37
428	#FFFFFF	33
429	#FFFEFE	255
430	#FFFFFF	37
431	#FFFFFF	33
432	#FFFFFF	33
433	#FFFFFF	37
434	#FFFFFF	37
435	#FFFFFF	37
436	#FFFFFF	37
437	#FFFFFF	37
438	#FFFFFF	37
439	#FFFFFF	33
440	#FFFEFE	255
441	#FFFFFF	33
442	#FFFFFF	33
443	#FFFFFF	37
444	#FFFFFF	37
445	#FFFFFF	33
446	#FFFFFF	37
447	#FFFFFF	37
448	#FFFFFF	37
449	#FFFFFF	37
450	#FFFEFE	255
451	#FFFFFF	33
452	#FFFEFE	255
453	#FFFEFE	255
454	#FFFEFE	255
456	#FFFEFE	255
457	#FFFEFE	255
458	#FFFEFE	255
459	#FFFFFF	37
460	#FFFFFF	37
461	#FFFFFF	37
462	#FFFFFF	33
463	#FFFFFF	37
464	#FFFFFF	37
465	#FFFFFF	33
466	#FFFFFF	37
467	#FFFFFF	37
468	#FFFEFE	255
469	#FFFFFF	207
470	#FFFFFF	207
471	#FFFFFF	207
472	#FFFFFF	207
473	#FFFFFF	207
474	#FFFFFF	207
475	#FFFFFF	37
476	#FFFFFF	37
477	#FFFFFF	37
478	#FFFFFF	33
479	#FFFEFE	255
480	#FFFFFF	33
481	#FFFFFF	37
482	#FFFFFF	33
483	#FFFFFF	37
484	#FFFFFF	37
485	#FFFFFF	37
486	#FFFFFF	37
487	#FFFFFF	37
488	#FFFFFF	37
489	#FFFFFF	33
490	#FFFEFE	255
491	#FFFFFF	33
492	#FFFFFF	33
493	#FFFFFF	37
494	#FFFFFF	37
495	#FFFFFF	37
496	#FFFFFF	37
497	#FFFFFF	37
498	#FFFFFF	33
499	#FFFFFF	37
500	#FFFFFF	37
501	#FFFEFE	255
502	#FFFEFE	255
503	#FFFEFE	255
504	#FFFEFE	255
505	#FFFEFE	255
507	#FFFEFE	255
508	#FFFEFE	255
509	#FFFFFF	37
510	#FFFFFF	37
511	#FFFFFF	33
512	#FFFFFF	33
513	#FFFFFF	37
514	#FFFFFF	37
515	#FFFFFF	37
516	#FFFFFF	37
517	#FFFFFF	207
518	#FFFFFF	207
519	#FFFEFE	255
520	#FFFFFF	207
521	#FFFFFF	207
522	#FFFFFF	207
523	#FFFFFF	207
524	#FFFFFF	207
525	#FFFFFF	37
526	#FFFFFF	37
527	#FFFFFF	37
528	#FFFFFF	37
529	#FFFFFF	37
530	#FFFEFE	255
531	#FFFFFF	33
532	#FFFFFF	33
533	#FFFFFF	37
534	#FFFFFF	37
535	#FFFFFF	37
536	#FFFFFF	37
537	#FFFFFF	37
538	#FFFFFF	37
539	#FFFFFF	37
540	#FFFFFF	33
541	#FFFEFE	255
542	#FFFFFF	37
543	#FFFFFF	37
544	#FFFFFF	37
545	#FFFFFF	37
546	#FFFFFF	37
547	#FFFFFF	37
548	#FFFFFF	37
549	#FFFFFF	33
550	#FFFFFF	37
551	#FFFEFE	255
552	#FFFEFE	255
553	#FFFEFE	255
554	#FFFEFE	255
555	#FFFEFE	255
557	#FFFEFE	255
558	#FFFEFE	255
559	#FFFEFE	255
560	#FFFFFF	37
561	#FFFFFF	37
562	#FFFFFF	33
563	#FFFFFF	33
564	#FFFFFF	37
565	#FFFFFF	37
566	#FFFFFF	37
567	#FFFFFF	207
568	#FFFFFF	207
569	#FFFEFE	255
570	#FFFFFF	207
571	#FFFFFF	37
572	#FFFFFF	37
573	#FFFFFF	207
574	#FFFFFF	207
575	#FFFFFF	207
576	#FFFFFF	37
577	#FFFFFF	37
578	#FFFFFF	37
579	#FFFFFF	37
580	#FFFEFE	255
581	#FFFFFF	37
582	#FFFFFF	33
583	#FFFFFF	37
584	#FFFFFF	37
585	#FFFFFF	37
586	#FFFFFF	37
587	#FFFFFF	37
588	#FFFFFF	37
589	#FFFFFF	37
590	#FFFFFF	33
591	#FFFEFE	255
592	#FFFFFF	33
593	#FFFFFF	37
594	#FFFFFF	33
595	#FFFFFF	33
596	#FFFFFF	33
597	#FFFFFF	37
598	#FFFFFF	37
599	#FFFFFF	33
600	#FFFFFF	33
601	#FFFFFF	37
602	#FFFEFE	255
603	#FFFEFE	255
604	#FFFEFE	255
605	#FFFEFE	255
606	#FFFEFE	255
608	#FFFEFE	255
609	#FFFEFE	255
610	#FFFEFE	255
611	#FFFFFF	37
612	#FFFFFF	37
613	#FFFFFF	37
614	#FFFFFF	37
615	#FFFFFF	37
616	#FFFFFF	37
617	#FFFFFF	37
618	#FFFFFF	37
619	#FFFFFF	37
620	#FFFEFE	255
621	#FFFFFF	37
622	#FFFFFF	37
623	#FFFFFF	207
624	#FFFFFF	207
625	#FFFFFF	207
626	#FFFFFF	207
627	#FFFFFF	37
628	#FFFFFF	37
629	#FFFFFF	37
630	#FFFFFF	37
631	#FFFEFE	255
632	#FFFFFF	33
633	#FFFFFF	37
634	#FFFFFF	37
635	#FFFFFF	37
636	#FFFFFF	37
637	#FFFFFF	37
638	#FFFFFF	37
639	#FFFFFF	37
640	#FFFFFF	33
641	#FFFFFF	33
642	#FFFEFE	255
643	#FFFFFF	33
644	#FFFFFF	33
645	#FFFFFF	33
646	#FFFFFF	33
647	#FFFFFF	33
648	#FFFFFF	37
649	#FFFFFF	33
650	#FFFFFF	37
651	#FFFFFF	37
652	#FFFEFE	255
653	#FFFEFE	255
654	#FFFEFE	255
655	#FFFEFE	255
656	#FFFEFE	255
658	#FFFEFE	255
659	#FFFEFE	255
660	#FFFEFE	255
661	#FFFEFE	255
662	#FFFFFF	37
663	#FFFFFF	37
664	#FFFFFF	37
665	#FFFFFF	37
666	#FFFFFF	37
667	#FFFFFF	37
668	#FFFFFF	37
669	#FFFFFF	37
670	#FFFEFE	255
671	#FFFFFF	37
672	#FFFFFF	207
673	#FFFFFF	207
674	#FFFFFF	207
675	#FFFFFF	207
676	#FFFFFF	207
677	#FFFFFF	207
678	#FFFFFF	37
679	#FFFFFF	37
680	#FFFFFF	37
681	#FFFEFE	255
682	#FFFFFF	37
683	#FFFFFF	37
684	#FFFFFF	37
685	#FFFFFF	37
686	#FFFFFF	37
687	#FFFFFF	37
688	#FFFFFF	37
689	#FFFFFF	37
690	#FFFFFF	37
691	#FFFFFF	37
692	#FFFEFE	255
693	#FFFFFF	33
694	#FFFFFF	33
695	#FFFFFF	33
696	#FFFFFF	33
697	#FFFFFF	33
698	#FFFFFF	37
699	#FFFFFF	37
700	#FFFFFF	33
701	#FFFFFF	37
702	#FFFFFF	37
703	#FFFEFE	255
704	#FFFEFE	255
705	#FFFEFE	255
706	#FFFEFE	255
707	#FFFEFE	255
709	#FFFEFE	255
710	#FFFEFE	255
711	#FFFEFE	255
712	#FFFEFE	255
713	#FFFFFF	37
714	#FFFFFF	37
715	#FFFFFF	37
716	#FFFFFF	37
717	#FFFFFF	37
718	#FFFFFF	37
719	#FFFFFF	37
720	#FFFFFF	37
721	#FFFEFE	255
722	#FFFFFF	207
723	#FFFFFF	207
724	#FFFFFF	207
725	#FFFFFF	207
726	#FFFFFF	207
727	#FFFFFF	207
728	#FFFFFF	207
729	#FFFFFF	37
730	#FFFFFF	37
731	#FFFFFF	37
732	#FFFEFE	255
733	#FFFFFF	37
734	#FFFFFF	37
735	#FFFFFF	37
736	#FFFFFF	37
737	#FFFFFF	37
738	#FFFFFF	37
739	#FFFFFF	37
740	#FFFFFF	37
741	#FFFFFF	37
742	#FFFFFF	37
743	#FFFEFE	255
744	#FFFFFF	33
745	#FFFFFF	33
746	#FFFFFF	33
747	#FFFFFF	33
748	#FFFFFF	33
749	#FFFFFF	37
750	#FFFFFF	37
751	#FFFFFF	33
752	#FFFFFF	37
753	#FFFEFE	255
754	#FFFEFE	255
755	#FFFEFE	255
756	#FFFEFE	255
757	#FFFEFE	255
759	#FFFEFE	255
760	#FFFEFE	255
761	#FFFEFE	255
762	#FFFEFE	255
763	#FFFFFF	37
764	#FFFFFF	37
765	#FFFFFF	37
766	#FFFFFF	37
767	#FFFFFF	37
768	#FFFFFF	37
769	#FFFFFF	37
770	#FFFFFF	37
771	#FFFEFE	255
772	#FFFFFF	37
773	#FFFFFF	207
774	#FFFFFF	207
775	#FFFFFF	207
776	#FFFFFF	207
777	#FFFFFF	207
778	#FFFFFF	207
779	#FFFFFF	37
780	#FFFFFF	37
781	#FFFFFF	37
782	#FFFEFE	255
783	#FFFFFF	37
784	#FFFFFF	37
785	#FFFFFF	37
786	#FFFFFF	37
787	#FFFFFF	37
788	#FFFFFF	37
789	#FFFFFF	37
790	#FFFFFF	37
791	#FFFFFF	37
792	#FFFFFF	37
793	#FFFEFE	255
794	#FFFFFF	37
795	#FFFFFF	37
796	#FFFFFF	33
797	#FFFFFF	33
798	#FFFFFF	33
799	#FFFFFF	33
800	#FFFFFF	33
801	#FFFFFF	33
802	#FFFFFF	37
803	#FFFFFF	37
804	#FFFEFE	255
805	#FFFEFE	255
806	#FFFEFE	255
807	#FFFEFE	255
808	#FFFEFE	255
810	#FFFEFE	255
811	#FFFEFE	255
812	#FFFEFE	255
813	#FFFEFE	255
814	#FFFFFF	37
815	#FFFFFF	37
816	#FFFFFF	37
817	#FFFFFF	37
818	#FFFFFF	37
819	#FFFFFF	37
820	#FFFFFF	37
821	#FFFFFF	37
822	#FFFEFE	255
823	#FFFFFF	37
824	#FFFFFF	207
825	#FFFFFF	207
826	#FFFFFF	207
827	#FFFFFF	207
828	#FFFFFF	207
829	#FFFFFF	207
830	#FFFFFF	37
831	#FFFFFF	37
832	#FFFFFF	37
833	#FFFEFE	255
834	#FFFFFF	37
835	#FFFFFF	37
836	#FFFFFF	37
837	#FFFFFF	37
838	#FFFFFF	37
839	#FFFFFF	37
840	#FFFFFF	37
841	#FFFFFF	37
842	#FFFFFF	37
843	#FFFFFF	37
844	#FFFEFE	255
845	#FFFFFF	37
846	#FFFFFF	33
847	#FFFFFF	33
848	#FFFFFF	33
849	#FFFFFF	33
850	#FFFFFF	33
851	#FFFFFF	33
852	#FFFFFF	37
853	#FFFFFF	37
854	#FFFEFE	255
855	#FFFEFE	255
856	#FFFEFE	255
857	#FFFEFE	255
858	#FFFEFE	255
860	#FFFEFE	255
861	#FFFEFE	255
862	#FFFEFE	255
863	#FFFEFE	255
864	#FFFEFE	255
865	#FFFEFE	255
866	#FFFFFF	37
867	#FFFFFF	37
868	#FFFFFF	37
869	#FFFFFF	37
870	#FFFFFF	37
871	#FFFFFF	37
872	#FFFEFE	255
873	#FFFFFF	37
874	#FFFFFF	37
875	#FFFFFF	207
876	#FFFFFF	207
877	#FFFFFF	207
878	#FFFFFF	207
879	#FFFFFF	207
880	#FFFFFF	207
881	#FFFFFF	37
882	#FFFFFF	37
883	#FFFEFE	255
884	#FFFFFF	37
885	#FFFFFF	33
886	#FFFFFF	33
887	#FFFFFF	37
888	#FFFFFF	37
889	#FFFFFF	37
890	#FFFFFF	37
891	#FFFFFF	37
892	#FFFFFF	37
893	#FFFFFF	37
894	#FFFEFE	255
895	#FFFFFF	37
896	#FFFFFF	33
897	#FFFFFF	33
898	#FFFFFF	33
899	#FFFFFF	33
900	#FFFFFF	33
901	#FFFFFF	33
902	#FFFFFF	33
903	#FFFFFF	37
904	#FFFFFF	37
905	#FFFEFE	255
906	#FFFEFE	255
907	#FFFEFE	255
908	#FFFEFE	255
909	#FFFEFE	255
911	#FFFEFE	255
912	#FFFEFE	255
913	#FFFEFE	255
914	#FFFFFF	37
915	#FFFEFE	255
916	#FFFFFF	37
917	#FFFFFF	37
918	#FFFFFF	37
919	#FFFFFF	37
920	#FFFFFF	37
921	#FFFFFF	37
922	#FFFFFF	37
923	#FFFEFE	255
924	#FFFFFF	37
925	#FFFFFF	37
926	#FFFFFF	207
927	#FFFFFF	207
928	#FFFFFF	207
929	#FFFFFF	37
930	#FFFFFF	207
931	#FFFFFF	37
932	#FFFFFF	37
933	#FFFFFF	37
934	#FFFEFE	255
935	#FFFFFF	33
936	#FFFFFF	33
937	#FFFFFF	33
938	#FFFFFF	37
939	#FFFFFF	37
940	#FFFFFF	37
941	#FFFFFF	37
942	#FFFFFF	37
943	#FFFFFF	37
944	#FFFFFF	33
945	#FFFEFE	255
946	#FFFFFF	33
947	#FFFFFF	33
948	#FFFFFF	33
949	#FFFFFF	33
950	#FFFFFF	33
951	#FFFFFF	33
952	#FFFFFF	33
953	#FFFFFF	37
954	#FFFFFF	37
955	#FFFEFE	255
956	#FFFEFE	255
957	#FFFEFE	255
958	#FFFEFE	255
959	#FFFEFE	255
961	#FFFEFE	255
962	#FFFEFE	255
963	#FFFEFE	255
964	#FFFFFF	37
965	#FFFFFF	37
966	#FFFFFF	37
967	#FFFFFF	37
968	#FFFFFF	37
969	#FFFFFF	37
970	#FFFFFF	37
971	#FFFFFF	37
972	#FFFFFF	37
973	#FFFEFE	255
974	#FFFFFF	37
975	#FFFFFF	37
976	#FFFFFF	207
977	#FFFFFF	207
978	#FFFFFF	207
979	#FFFFFF	37
980	#FFFFFF	37
981	#FFFFFF	207
982	#FFFFFF	37
983	#FFFFFF	37
984	#FFFEFE	255
985	#FFFFFF	37
986	#FFFFFF	37
987	#FFFFFF	33
988	#FFFFFF	33
989	#FFFFFF	37
990	#FFFFFF	37
991	#FFFFFF	37
992	#FFFFFF	37
993	#FFFFFF	33
994	#FFFFFF	37
995	#FFFEFE	255
996	#FFFFFF	33
997	#FFFFFF	33
998	#FFFFFF	33
999	#FFFFFF	33
1000	#FFFFFF	33
1001	#FFFFFF	33
1002	#FFFFFF	33
1003	#FFFFFF	37
1004	#FFFFFF	37
1005	#FFFFFF	37
1006	#FFFEFE	255
1007	#FFFEFE	255
1008	#FFFEFE	255
1009	#FFFEFE	255
1010	#FFFEFE	255
1012	#FFFEFE	255
1013	#FFFEFE	255
1014	#FFFFFF	37
1015	#FFFFFF	37
1016	#FFFFFF	37
1017	#FFFFFF	37
1018	#FFFFFF	37
1019	#FFFFFF	37
1020	#FFFFFF	37
1021	#FFFFFF	37
1022	#FFFFFF	37
1023	#FFFFFF	37
1024	#FFFEFE	255
1025	#FFFFFF	37
1026	#FFFFFF	37
1027	#FFFFFF	207
1028	#FFFFFF	207
1029	#FFFFFF	207
1030	#FFFFFF	37
1031	#FFFFFF	37
1032	#FFFFFF	37
1033	#FFFFFF	37
1034	#FFFFFF	37
1035	#FFFEFE	255
1036	#FFFFFF	37
1037	#FFFFFF	33
1038	#FFFFFF	33
1039	#FFFFFF	33
1040	#FFFFFF	37
1041	#FFFFFF	37
1042	#FFFFFF	37
1043	#FFFFFF	37
1044	#FFFFFF	33
1045	#FFFFFF	37
1046	#FFFEFE	255
1047	#FFFFFF	33
1048	#FFFFFF	33
1049	#FFFFFF	33
1050	#FFFFFF	33
1051	#FFFFFF	33
1052	#FFFFFF	33
1053	#FFFFFF	33
1054	#FFFFFF	37
1055	#FFFFFF	37
1056	#FFFEFE	255
1057	#FFFEFE	255
1058	#FFFEFE	255
1059	#FFFEFE	255
1060	#FFFEFE	255
1062	#FFFEFE	255
1063	#FFFEFE	255
1064	#FFFEFE	255
1065	#FFFFFF	37
1066	#FFFFFF	37
1067	#FFFFFF	37
1068	#FFFFFF	37
1069	#FFFFFF	49
1070	#FFFFFF	37
1071	#FFFFFF	37
1072	#FFFFFF	49
1073	#FFFFFF	49
1074	#FFFEFE	255
1075	#FFFFFF	37
1076	#FFFFFF	37
1077	#FFFFFF	37
1078	#FFFFFF	37
1079	#FFFFFF	37
1080	#FFFFFF	37
1081	#FFFFFF	37
1082	#FFFFFF	37
1083	#FFFFFF	37
1084	#FFFFFF	37
1085	#FFFEFE	255
1086	#FFFFFF	33
1087	#FFFFFF	37
1088	#FFFFFF	33
1089	#FFFFFF	33
1090	#FFFFFF	33
1091	#FFFFFF	33
1092	#FFFFFF	37
1093	#FFFFFF	33
1094	#FFFFFF	33
1095	#FFFFFF	33
1096	#FFFEFE	255
1097	#FFFFFF	37
1098	#FFFFFF	33
1099	#FFFFFF	33
1100	#FFFFFF	33
1101	#FFFFFF	33
1102	#FFFFFF	33
1103	#FFFFFF	33
1104	#FFFFFF	33
1105	#FFFFFF	37
1106	#FFFFFF	37
1107	#FFFEFE	255
1108	#FFFEFE	255
1109	#FFFEFE	255
1110	#FFFEFE	255
1111	#FFFEFE	255
1113	#FFFEFE	255
1114	#FFFEFE	255
1115	#FFFFFF	37
1116	#FFFFFF	37
1117	#FFFFFF	37
1118	#FFFFFF	37
1119	#FFFFFF	49
1120	#FFFFFF	49
1121	#FFFFFF	37
1122	#FFFFFF	37
1123	#FFFFFF	49
1124	#FFFFFF	37
1125	#FFFEFE	255
1126	#FFFFFF	343
1127	#FFFFFF	343
1128	#FFFFFF	343
1129	#FFFFFF	37
1130	#FFFFFF	37
1131	#FFFFFF	37
1132	#FFFFFF	37
1133	#FFFFFF	37
1134	#FFFFFF	37
1135	#FFFFFF	37
1136	#FFFEFE	255
1137	#FFFFFF	33
1138	#FFFFFF	37
1139	#FFFFFF	33
1140	#FFFFFF	33
1141	#FFFFFF	33
1142	#FFFFFF	33
1143	#FFFFFF	33
1144	#FFFFFF	33
1145	#FFFFFF	37
1146	#FFFFFF	37
1147	#FFFEFE	255
1148	#FFFFFF	33
1149	#FFFFFF	33
1150	#FFFFFF	33
1151	#FFFFFF	33
1152	#FFFFFF	33
1153	#FFFFFF	33
1154	#FFFFFF	33
1155	#FFFFFF	37
1156	#FFFFFF	37
1157	#FFFEFE	255
1158	#FFFEFE	255
1159	#FFFEFE	255
1160	#FFFEFE	255
1161	#FFFEFE	255
1163	#FFFFFF	2
1164	#E3709E	165
1165	#FFFFFF	33
1166	#FFFFFF	33
1167	#FFFFFF	33
1168	#FFFFFF	33
1169	#FFFFFF	33
1170	#FFFFFF	33
1171	#FFFFFF	33
1172	#FFFFFF	37
1173	#FFFFFF	37
1174	#FFFFFF	37
1175	#E3709E	165
1176	#FFFFFF	37
1177	#FFFFFF	37
1178	#FFFFFF	37
1179	#FFFFFF	37
1180	#FFFFFF	37
1181	#FFFFFF	273
1182	#FFFFFF	37
1183	#FFFFFF	37
1184	#FFFFFF	37
1185	#FFFFFF	37
1186	#E3709E	165
1187	#FFFFFF	33
1188	#FFFFFF	33
1189	#FFFFFF	33
1190	#FFFFFF	33
1191	#FFFFFF	33
1192	#FFFFFF	33
1193	#FFFFFF	33
1194	#FFFFFF	33
1195	#FFFFFF	33
1196	#FFFFFF	33
1197	#FFFFFF	33
1198	#FFFFFF	33
1199	#FFFFFF	33
1200	#FFFFFF	33
1201	#FFFFFF	33
1202	#FFFFFF	33
1203	#FFFFFF	33
1204	#FFFFFF	33
1205	#FFFFFF	37
1206	#FFFFFF	37
1207	#FFFFFF	37
1208	#FFFFFF	33
1209	#FFFFFF	33
1210	#FFFFFF	2
1211	#FFFFFF	33
1212	#FFFFFF	33
1214	#FFFFFF	2
1215	#E3709E	165
1216	#FFFFFF	33
1217	#FFFFFF	33
1218	#FFFFFF	33
1219	#FFFFFF	33
1220	#FFFFFF	33
1221	#FFFFFF	33
1222	#FFFFFF	33
1223	#FFFFFF	37
1224	#FFFFFF	37
1225	#FFFFFF	37
1226	#E3709E	165
1227	#FFFFFF	37
1228	#FFFFFF	37
1229	#FFFFFF	37
1230	#FFFFFF	37
1231	#FFFFFF	273
1232	#FFFFFF	37
1233	#FFFFFF	37
1234	#FFFFFF	37
1235	#FFFFFF	37
1236	#FFFFFF	37
1237	#FFFFFF	33
1238	#FFFFFF	33
1239	#FFFFFF	37
1240	#FFFFFF	33
1241	#FFFFFF	33
1242	#FFFFFF	33
1243	#FFFFFF	33
1244	#FFFFFF	33
1245	#FFFFFF	33
1246	#FFFFFF	33
1247	#FFFFFF	33
1248	#FFFFFF	33
1249	#FFFFFF	33
1250	#FFFFFF	33
1251	#FFFFFF	33
1252	#FFFFFF	33
1253	#FFFFFF	33
1254	#FFFFFF	37
1255	#FFFFFF	33
1256	#FFFFFF	37
1257	#FFFFFF	37
1258	#FFFFFF	33
1259	#FFFFFF	2
1260	#FFFFFF	33
1261	#FFFFFF	33
1262	#FFFFFF	33
1264	#FFFEFE	255
1265	#FFFEFE	255
1266	#FFFEFE	255
1267	#FFFFFF	37
1268	#FFFFFF	37
1269	#FFFFFF	37
1270	#FFFFFF	49
1271	#FFFFFF	49
1272	#FFFFFF	49
1273	#FFFFFF	37
1274	#FFFFFF	49
1275	#FFFFFF	37
1276	#FFFEFE	255
1277	#FFFFFF	37
1278	#FFFFFF	343
1279	#FFFFFF	343
1280	#FFFFFF	37
1281	#FFFFFF	37
1282	#FFFFFF	37
1283	#FFFFFF	37
1284	#FFFFFF	37
1285	#FFFFFF	37
1286	#FFFFFF	37
1287	#FFFEFE	255
1288	#FFFFFF	33
1289	#FFFFFF	33
1290	#FFFFFF	33
1291	#FFFFFF	33
1292	#FFFFFF	33
1293	#FFFFFF	33
1294	#FFFFFF	33
1295	#FFFFFF	33
1296	#FFFFFF	37
1297	#FFFFFF	37
1298	#FFFEFE	255
1299	#FFFFFF	33
1300	#FFFFFF	33
1301	#FFFFFF	33
1302	#FFFFFF	33
1303	#FFFFFF	33
1304	#FFFFFF	33
1305	#FFFFFF	33
1306	#FFFFFF	33
1307	#FFFFFF	37
1308	#FFFFFF	37
1309	#FFFEFE	255
1310	#FFFEFE	255
1311	#FFFEFE	255
1312	#FFFEFE	255
1313	#FFFEFE	255
1315	#FFFEFE	255
1316	#FFFEFE	255
1317	#FFFEFE	255
1318	#FFFFFF	37
1319	#FFFFFF	49
1320	#FFFFFF	49
1321	#FFFFFF	49
1322	#FFFFFF	49
1323	#FFFFFF	37
1324	#FFFFFF	49
1325	#FFFFFF	49
1326	#FFFFFF	37
1327	#FFFEFE	255
1328	#FFFFFF	37
1329	#FFFFFF	343
1330	#FFFFFF	37
1331	#FFFFFF	37
1332	#FFFFFF	37
1333	#FFFFFF	37
1334	#FFFFFF	37
1335	#FFFFFF	37
1336	#FFFFFF	37
1337	#FFFFFF	33
1338	#FFFEFE	255
1339	#FFFFFF	33
1340	#FFFFFF	33
1341	#FFFFFF	33
1342	#FFFFFF	33
1343	#FFFFFF	33
1344	#FFFFFF	33
1345	#FFFFFF	33
1346	#FFFFFF	37
1347	#FFFFFF	33
1348	#FFFFFF	33
1349	#FFFEFE	255
1350	#FFFFFF	33
1351	#FFFFFF	33
1352	#FFFFFF	33
1353	#FFFFFF	33
1354	#FFFFFF	33
1355	#FFFFFF	33
1356	#FFFFFF	33
1357	#FFFFFF	33
1358	#FFFFFF	37
1359	#FFFEFE	255
1360	#FFFEFE	255
1361	#FFFEFE	255
1362	#FFFEFE	255
1363	#FFFEFE	255
1365	#FFFEFE	255
1366	#FFFEFE	255
1367	#FFFEFE	255
1368	#FFFEFE	255
1369	#FFFFFF	37
1370	#FFFFFF	49
1371	#FFFFFF	49
1372	#FFFFFF	49
1373	#FFFFFF	49
1374	#FFFFFF	49
1375	#FFFFFF	37
1376	#FFFFFF	37
1377	#FFFEFE	255
1378	#FFFFFF	37
1379	#FFFFFF	343
1380	#FFFFFF	343
1381	#FFFFFF	343
1382	#FFFFFF	37
1383	#FFFFFF	37
1384	#FFFFFF	37
1385	#FFFFFF	37
1386	#FFFFFF	37
1387	#FFFFFF	33
1388	#FFFEFE	255
1389	#FFFFFF	33
1390	#FFFFFF	33
1391	#FFFFFF	33
1392	#FFFFFF	33
1393	#FFFFFF	33
1394	#FFFFFF	33
1395	#FFFFFF	33
1396	#FFFFFF	37
1397	#FFFFFF	33
1398	#FFFFFF	33
1399	#FFFEFE	255
1400	#FFFFFF	33
1401	#FFFFFF	33
1402	#FFFFFF	33
1403	#FFFFFF	33
1404	#FFFFFF	33
1405	#FFFFFF	33
1406	#FFFFFF	33
1407	#FFFFFF	33
1408	#FFFFFF	33
1409	#FFFFFF	37
1410	#FFFEFE	255
1411	#FFFEFE	255
1412	#FFFEFE	255
1413	#FFFEFE	255
1414	#FFFEFE	255
1416	#FFFEFE	255
1417	#FFFEFE	255
1418	#FFFEFE	255
1419	#FFFFFF	37
1420	#FFFEFE	255
1421	#FFFEFE	255
1422	#FFFFFF	49
1423	#FFFFFF	49
1424	#FFFFFF	49
1425	#FFFFFF	49
1426	#FFFFFF	37
1427	#FFFFFF	37
1428	#FFFEFE	255
1429	#FFFFFF	37
1430	#FFFFFF	343
1431	#FFFFFF	343
1432	#FFFFFF	343
1433	#FFFFFF	37
1434	#FFFFFF	37
1435	#FFFFFF	37
1436	#FFFFFF	37
1437	#FFFFFF	33
1438	#FFFFFF	33
1439	#FFFEFE	255
1440	#FFFFFF	33
1441	#FFFFFF	33
1442	#FFFFFF	33
1443	#FFFFFF	33
1444	#FFFFFF	33
1445	#FFFFFF	33
1446	#FFFFFF	37
1447	#FFFFFF	37
1448	#FFFFFF	37
1449	#FFFFFF	33
1450	#FFFEFE	255
1451	#FFFFFF	33
1452	#FFFFFF	33
1453	#FFFFFF	33
1454	#FFFFFF	33
1455	#FFFFFF	33
1456	#FFFFFF	33
1457	#FFFFFF	33
1458	#FFFFFF	33
1459	#FFFFFF	37
1460	#FFFEFE	255
1461	#FFFEFE	255
1462	#FFFEFE	255
1463	#FFFEFE	255
1464	#FFFEFE	255
1466	#FFFEFE	255
1467	#FFFEFE	92
1468	#FFFEFE	255
1469	#FFFEFE	255
1470	#FFFEFE	255
1471	#FFFEFE	255
1472	#FFFEFE	255
1473	#FFFEFE	255
1474	#FFFEFE	255
1475	#FFFFFF	49
1476	#FFFFFF	37
1477	#FFFFFF	37
1478	#FFFEFE	255
1479	#FFFFFF	37
1480	#FFFFFF	343
1481	#FFFFFF	343
1482	#FFFFFF	343
1483	#FFFFFF	37
1484	#FFFFFF	37
1485	#FFFFFF	37
1486	#FFFFFF	37
1487	#FFFFFF	37
1488	#FFFFFF	33
1489	#FFFEFE	255
1490	#FFFFFF	33
1491	#FFFFFF	33
1492	#FFFFFF	33
1493	#FFFFFF	33
1494	#FFFFFF	33
1495	#FFFFFF	33
1496	#FFFFFF	37
1497	#FFFFFF	37
1498	#FFFFFF	37
1499	#FFFFFF	37
1500	#FFFEFE	255
1501	#FFFFFF	33
1502	#FFFFFF	33
1503	#FFFFFF	33
1504	#FFFFFF	33
1505	#FFFFFF	33
1506	#FFFFFF	33
1507	#FFFFFF	33
1508	#FFFFFF	33
1509	#FFFFFF	37
1510	#FFFFFF	37
1511	#FFFEFE	255
1512	#FFFEFE	255
1513	#FFFEFE	255
1514	#FFFEFE	255
1515	#FFFEFE	255
1517	#FFFEFE	255
1518	#FFFEFE	92
1519	#FFFEFE	255
1520	#FFFEFE	255
1521	#FFFEFE	255
1522	#FFFEFE	255
1523	#FFFEFE	255
1524	#FFFEFE	255
1525	#FFFFFF	49
1526	#FFFFFF	37
1527	#FFFFFF	37
1528	#FFFFFF	37
1529	#FFFEFE	255
1530	#FFFFFF	343
1531	#FFFFFF	343
1532	#FFFFFF	343
1533	#FFFFFF	343
1534	#FFFFFF	37
1535	#FFFFFF	37
1536	#FFFFFF	37
1537	#FFFFFF	37
1538	#FFFFFF	37
1539	#FFFFFF	37
1540	#FFFEFE	255
1541	#FFFFFF	33
1542	#FFFFFF	33
1543	#FFFFFF	33
1544	#FFFFFF	33
1545	#FFFFFF	33
1546	#FFFFFF	33
1547	#FFFFFF	37
1548	#FFFFFF	37
1549	#FFFFFF	37
1550	#FFFFFF	33
1551	#FFFEFE	255
1552	#FFFFFF	33
1553	#FFFFFF	33
1554	#FFFFFF	33
1555	#FFFFFF	33
1556	#FFFFFF	33
1557	#FFFFFF	33
1558	#FFFFFF	37
1559	#FFFFFF	33
1560	#FFFFFF	37
1561	#FFFEFE	255
1562	#FFFEFE	255
1563	#FFFEFE	255
1564	#FFFEFE	255
1565	#FFFEFE	255
1567	#FFFEFE	255
1568	#FFFEFE	255
1569	#FFFEFE	255
1570	#FFFEFE	255
1571	#FFFEFE	255
1572	#FFFEFE	255
1573	#FFFEFE	255
1574	#FFFEFE	255
1575	#FFFEFE	255
1576	#FFFFFF	49
1577	#FFFFFF	37
1578	#FFFFFF	49
1579	#FFFEFE	92
1580	#FFFFFF	37
1581	#FFFFFF	343
1582	#FFFFFF	37
1583	#FFFFFF	343
1584	#FFFFFF	37
1585	#FFFFFF	37
1586	#FFFFFF	37
1587	#FFFFFF	37
1588	#FFFFFF	37
1589	#FFFFFF	37
1590	#FFFEFE	255
1591	#FFFFFF	33
1592	#FFFFFF	33
1593	#FFFFFF	33
1594	#FFFFFF	33
1595	#FFFFFF	33
1596	#FFFFFF	33
1597	#FFFFFF	37
1598	#FFFFFF	33
1599	#FFFFFF	33
1600	#FFFFFF	33
1601	#FFFEFE	255
1602	#FFFFFF	33
1603	#FFFFFF	33
1604	#FFFFFF	33
1605	#FFFFFF	33
1606	#FFFFFF	33
1607	#FFFFFF	33
1608	#FFFFFF	37
1609	#FFFFFF	37
1610	#FFFFFF	37
1611	#FFFFFF	37
1612	#FFFEFE	255
1613	#FFFEFE	255
1614	#FFFEFE	255
1615	#FFFEFE	255
1616	#FFFEFE	255
1618	#FFFEFE	255
1619	#FFFEFE	92
1620	#FFFEFE	255
1621	#FFFEFE	255
1622	#FFFEFE	255
1623	#FFFEFE	255
1624	#FFFEFE	255
1625	#FFFEFE	255
1626	#FFFEFE	255
1627	#FFFFFF	49
1628	#FFFFFF	37
1629	#FFFFFF	49
1630	#FFFEFE	92
1631	#FFFFFF	37
1632	#FFFFFF	37
1633	#FFFFFF	343
1634	#FFFFFF	37
1635	#FFFFFF	37
1636	#FFFFFF	37
1637	#FFFFFF	37
1638	#FFFFFF	37
1639	#FFFFFF	37
1640	#FFFFFF	33
1641	#FFFEFE	255
1642	#FFFFFF	33
1643	#FFFFFF	33
1644	#FFFFFF	33
1645	#FFFFFF	33
1646	#FFFFFF	33
1647	#FFFFFF	33
1648	#FFFFFF	37
1649	#FFFFFF	33
1650	#FFFFFF	33
1651	#FFFFFF	33
1652	#FFFEFE	255
1653	#FFFFFF	33
1654	#FFFFFF	33
1655	#FFFFFF	33
1656	#FFFFFF	33
1657	#FFFFFF	33
1658	#FFFFFF	33
1659	#FFFFFF	37
1660	#FFFFFF	37
1661	#FFFFFF	37
1662	#FFFEFE	255
1663	#FFFEFE	255
1664	#FFFEFE	255
1665	#FFFEFE	255
1666	#FFFEFE	255
1668	#FFFEFE	255
1669	#FFFEFE	255
1670	#FFFEFE	255
1671	#FFFEFE	255
1672	#FFFEFE	255
1673	#FFFEFE	255
1674	#FFFEFE	255
1675	#FFFEFE	255
1676	#FFFEFE	255
1677	#FFFEFE	255
1678	#FFFFFF	49
1679	#FFFFFF	49
1680	#FFFEFE	255
1681	#FFFFFF	37
1682	#FFFFFF	37
1683	#FFFFFF	37
1684	#FFFFFF	343
1685	#FFFFFF	37
1686	#FFFFFF	37
1687	#FFFFFF	37
1688	#FFFFFF	37
1689	#FFFFFF	37
1690	#FFFFFF	37
1691	#FFFEFE	92
1692	#FFFFFF	37
1693	#FFFFFF	37
1694	#FFFFFF	33
1695	#FFFFFF	33
1696	#FFFFFF	33
1697	#FFFFFF	33
1698	#FFFFFF	33
1699	#FFFFFF	33
1700	#FFFFFF	33
1701	#FFFFFF	33
1702	#FFFEFE	255
1703	#FFFFFF	33
1704	#FFFFFF	33
1705	#FFFFFF	33
1706	#FFFFFF	33
1707	#FFFFFF	33
1708	#FFFFFF	33
1709	#FFFFFF	37
1710	#FFFFFF	37
1711	#FFFFFF	37
1712	#FFFFFF	37
1713	#FFFEFE	255
1714	#FFFEFE	255
1715	#FFFEFE	255
1716	#FFFEFE	255
1717	#FFFEFE	255
1719	#FFFEFE	255
1720	#FFFEFE	255
1721	#FFFEFE	255
1722	#FFFEFE	255
1723	#FFFEFE	255
1724	#FFFEFE	255
1725	#FFFEFE	255
1726	#FFFEFE	255
1727	#FFFEFE	255
1728	#FFFFFF	49
1729	#FFFFFF	49
1730	#FFFFFF	49
1731	#FFFEFE	255
1732	#FFFFFF	37
1733	#FFFFFF	37
1734	#FFFFFF	37
1735	#FFFFFF	343
1736	#FFFFFF	37
1737	#FFFFFF	37
1738	#FFFFFF	37
1739	#FFFFFF	37
1740	#FFFFFF	37
1741	#FFFFFF	37
1742	#FFFEFE	92
1743	#FFFFFF	37
1744	#FFFFFF	33
1745	#FFFFFF	33
1746	#FFFFFF	33
1747	#FFFFFF	33
1748	#FFFFFF	33
1749	#FFFFFF	33
1750	#FFFFFF	33
1751	#FFFFFF	33
1752	#FFFFFF	33
1753	#FFFEFE	255
1754	#FFFFFF	33
1755	#FFFFFF	33
1756	#FFFFFF	33
1757	#FFFFFF	33
1758	#FFFFFF	33
1759	#FFFFFF	37
1760	#FFFFFF	37
1761	#FFFFFF	37
1762	#FFFFFF	37
1763	#FFFEFE	255
1764	#FFFEFE	255
1765	#FFFEFE	255
1766	#FFFEFE	255
1767	#FFFEFE	255
1769	#FFFEFE	255
1770	#FFFEFE	255
1771	#FFFEFE	255
1772	#FFFEFE	255
1773	#FFFEFE	255
1774	#FFFEFE	255
1775	#FFFEFE	255
1776	#FFFEFE	255
1777	#FFFEFE	255
1778	#FFFEFE	255
1779	#FFFFFF	49
1780	#FFFFFF	49
1781	#FFFEFE	92
1782	#FFFFFF	49
1783	#FFFFFF	37
1784	#FFFFFF	37
1785	#FFFFFF	37
1786	#FFFFFF	343
1787	#FFFFFF	343
1788	#FFFFFF	37
1789	#FFFFFF	343
1790	#FFFFFF	37
1791	#FFFFFF	37
1792	#FFFEFE	255
1793	#FFFFFF	37
1794	#FFFFFF	33
1795	#FFFFFF	33
1796	#FFFFFF	33
1797	#FFFFFF	33
1798	#FFFFFF	33
1799	#FFFFFF	33
1800	#FFFFFF	33
1801	#FFFFFF	33
1802	#FFFFFF	33
1803	#FFFEFE	92
1804	#FFFFFF	33
1805	#FFFFFF	33
1806	#FFFFFF	33
1807	#FFFFFF	33
1808	#FFFFFF	33
1809	#FFFFFF	37
1810	#FFFFFF	37
1811	#FFFFFF	37
1812	#FFFFFF	37
1813	#FFFFFF	37
1814	#FFFEFE	255
1815	#FFFEFE	255
1816	#FFFEFE	255
1817	#FFFEFE	255
1818	#FFFEFE	255
1820	#FFFEFE	255
1821	#FFFEFE	255
1822	#FFFEFE	255
1823	#FFFEFE	255
1824	#FFFEFE	255
1825	#FFFEFE	255
1826	#FFFEFE	255
1827	#FFFEFE	255
1828	#FFFEFE	255
1829	#FFFFFF	49
1830	#FFFFFF	49
1831	#FFFFFF	37
1832	#FFFEFE	92
1833	#FFFFFF	37
1834	#FFFFFF	37
1835	#FFFFFF	37
1836	#FFFFFF	343
1837	#FFFFFF	343
1838	#FFFFFF	37
1839	#FFFFFF	343
1840	#FFFFFF	37
1841	#FFFFFF	37
1842	#FFFFFF	37
1843	#FFFEFE	92
1844	#FFFFFF	37
1845	#FFFFFF	33
1846	#FFFFFF	33
1847	#FFFFFF	33
1848	#FFFFFF	33
1849	#FFFFFF	33
1850	#FFFFFF	33
1851	#FFFFFF	33
1852	#FFFFFF	33
1853	#FFFFFF	33
1854	#FFFEFE	92
1855	#FFFFFF	33
1856	#FFFFFF	33
1857	#FFFFFF	33
1858	#FFFFFF	33
1859	#FFFFFF	33
1860	#FFFFFF	33
1861	#FFFFFF	37
1862	#FFFFFF	37
1863	#FFFFFF	37
1864	#FFFEFE	92
1865	#FFFEFE	255
1866	#FFFEFE	255
1867	#FFFEFE	255
1868	#FFFEFE	255
1870	#FFFEFE	255
1871	#FFFEFE	255
1872	#FFFEFE	255
1873	#FFFEFE	255
1874	#FFFEFE	255
1875	#FFFEFE	255
1876	#FFFEFE	255
1877	#FFFEFE	255
1878	#FFFEFE	255
1879	#FFFEFE	255
1880	#FFFFFF	37
1881	#FFFFFF	37
1882	#FFFEFE	255
1883	#FFFFFF	37
1884	#FFFFFF	37
1885	#FFFFFF	37
1886	#FFFFFF	37
1887	#FFFFFF	343
1888	#FFFFFF	343
1889	#FFFFFF	343
1890	#FFFFFF	37
1891	#FFFFFF	37
1892	#FFFFFF	37
1893	#FFFEFE	92
1894	#FFFFFF	37
1895	#FFFFFF	33
1896	#FFFFFF	33
1897	#FFFFFF	33
1898	#FFFFFF	33
1899	#FFFFFF	33
1900	#FFFFFF	33
1901	#FFFFFF	33
1902	#FFFFFF	33
1903	#FFFFFF	37
1904	#FFFEFE	92
1905	#FFFFFF	33
1906	#FFFFFF	33
1907	#FFFFFF	33
1908	#FFFFFF	33
1909	#FFFFFF	33
1910	#FFFFFF	33
1911	#FFFFFF	33
1912	#FFFFFF	37
1913	#FFFFFF	37
1914	#FFFFFF	37
1915	#FFFEFE	92
1916	#FFFEFE	255
1917	#FFFEFE	255
1918	#FFFEFE	255
1919	#FFFEFE	255
1921	#FFFEFE	255
1922	#FFFEFE	255
1923	#FFFEFE	255
1924	#FFFEFE	255
1925	#FFFEFE	255
1926	#FFFEFE	255
1927	#FFFEFE	255
1928	#FFFEFE	255
1929	#FFFEFE	255
1930	#FFFEFE	255
1931	#FFFFFF	37
1932	#FFFFFF	37
1933	#FFFEFE	255
1934	#FFFFFF	37
1935	#FFFFFF	37
1936	#FFFFFF	37
1937	#FFFFFF	37
1938	#FFFFFF	343
1939	#FFFFFF	343
1940	#FFFFFF	343
1941	#FFFFFF	343
1942	#FFFFFF	37
1943	#FFFFFF	37
1944	#FFFEFE	92
1945	#FFFFFF	37
1946	#FFFFFF	33
1947	#FFFFFF	33
1948	#FFFFFF	33
1949	#FFFFFF	33
1950	#FFFFFF	33
1951	#FFFFFF	33
1952	#FFFFFF	33
1953	#FFFFFF	37
1954	#FFFFFF	37
1955	#FFFEFE	92
1956	#FFFFFF	37
1957	#FFFFFF	33
1958	#FFFFFF	37
1959	#FFFFFF	33
1960	#FFFFFF	33
1961	#FFFFFF	33
1962	#FFFFFF	37
1963	#FFFFFF	37
1964	#FFFFFF	37
1965	#FFFEFE	92
1966	#FFFEFE	255
1967	#FFFEFE	255
1968	#FFFEFE	255
1969	#FFFEFE	255
1971	#FFFEFE	255
1972	#FFFEFE	255
1973	#FFFEFE	255
1974	#FFFEFE	255
1975	#FFFEFE	255
1976	#FFFEFE	255
1977	#FFFEFE	255
1978	#FFFEFE	255
1979	#FFFEFE	255
1980	#FFFFFF	37
1981	#FFFEFE	255
1982	#FFFFFF	37
1983	#FFFEFE	255
1984	#FFFFFF	37
1985	#FFFFFF	37
1986	#FFFFFF	37
1987	#FFFFFF	343
1988	#FFFFFF	343
1989	#FFFFFF	343
1990	#FFFFFF	343
1991	#FFFFFF	343
1992	#FFFFFF	37
1993	#FFFFFF	343
1994	#FFFEFE	92
1995	#FFFFFF	37
1996	#FFFFFF	33
1997	#FFFFFF	33
1998	#FFFFFF	33
1999	#FFFFFF	33
2000	#FFFFFF	33
2001	#FFFFFF	33
2002	#FFFFFF	33
2003	#FFFFFF	33
2004	#FFFFFF	33
2005	#FFFEFE	92
2006	#FFFFFF	37
2007	#FFFFFF	33
2008	#FFFFFF	37
2009	#FFFFFF	37
2010	#FFFFFF	37
2011	#FFFFFF	33
2012	#FFFFFF	33
2013	#FFFFFF	37
2014	#FFFFFF	37
2015	#FFFFFF	37
2016	#FFFEFE	92
2017	#FFFEFE	92
2018	#FFFEFE	92
2019	#FFFEFE	92
2020	#FFFEFE	255
2022	#FFFEFE	255
2023	#FFFEFE	92
2024	#FFFEFE	255
2025	#FFFEFE	255
2026	#FFFEFE	255
2027	#FFFEFE	255
2028	#FFFEFE	255
2029	#FFFEFE	255
2030	#FFFFFF	37
2031	#FFFFFF	37
2032	#FFFFFF	37
2033	#FFFFFF	37
2034	#FFFEFE	255
2035	#FFFFFF	37
2036	#FFFFFF	37
2037	#FFFFFF	343
2038	#FFFFFF	343
2039	#FFFFFF	37
2040	#FFFFFF	343
2041	#FFFFFF	343
2042	#FFFFFF	343
2043	#FFFFFF	343
2044	#FFFFFF	37
2045	#FFFEFE	92
2046	#FFFFFF	37
2047	#FFFFFF	33
2048	#FFFFFF	33
2049	#FFFFFF	33
2050	#FFFFFF	33
2051	#FFFFFF	33
2052	#FFFFFF	33
2053	#FFFFFF	33
2054	#FFFFFF	33
2055	#FFFFFF	33
2056	#FFFEFE	92
2057	#FFFFFF	37
2058	#FFFFFF	37
2059	#FFFFFF	37
2060	#FFFFFF	37
2061	#FFFFFF	37
2062	#FFFFFF	33
2063	#FFFFFF	37
2064	#FFFFFF	37
2065	#FFFFFF	37
2066	#FFFEFE	92
2067	#FFFEFE	92
2068	#FFFEFE	92
2069	#FFFEFE	92
2070	#FFFEFE	255
2072	#FFFEFE	255
2073	#FFFEFE	255
2074	#FFFEFE	92
2075	#FFFEFE	255
2076	#FFFEFE	255
2077	#FFFEFE	255
2078	#FFFEFE	255
2079	#FFFFFF	37
2080	#FFFFFF	37
2081	#FFFFFF	37
2082	#FFFFFF	37
2083	#FFFFFF	37
2084	#FFFEFE	92
2085	#FFFFFF	37
2086	#FFFFFF	37
2087	#FFFFFF	37
2088	#FFFFFF	37
2089	#FFFFFF	37
2090	#FFFFFF	343
2091	#FFFFFF	343
2092	#FFFFFF	343
2093	#FFFFFF	343
2094	#FFFFFF	343
2095	#FFFEFE	92
2096	#FFFFFF	37
2097	#FFFFFF	37
2098	#FFFFFF	33
2099	#FFFFFF	33
2100	#FFFFFF	33
2101	#FFFFFF	33
2102	#FFFFFF	33
2103	#FFFFFF	33
2104	#FFFFFF	33
2105	#FFFFFF	33
2106	#FFFEFE	92
2107	#FFFFFF	33
2108	#FFFFFF	37
2109	#FFFFFF	37
2110	#FFFFFF	37
2111	#FFFFFF	37
2112	#FFFFFF	33
2113	#FFFFFF	33
2114	#FFFFFF	33
2115	#FFFFFF	37
2116	#FFFFFF	37
2117	#FFFEFE	92
2118	#FFFEFE	92
2119	#FFFEFE	92
2120	#FFFEFE	92
2121	#FFFEFE	92
2123	#FFFEFE	255
2124	#FFFEFE	92
2125	#FFFEFE	255
2126	#FFFEFE	255
2127	#FFFEFE	255
2128	#FFFEFE	255
2129	#FFFFFF	37
2130	#FFFFFF	37
2131	#FFFFFF	37
2132	#FFFFFF	37
2133	#FFFFFF	37
2134	#FFFFFF	37
2135	#FFFEFE	92
2136	#FFFFFF	37
2137	#FFFFFF	37
2138	#FFFFFF	37
2139	#FFFFFF	37
2140	#FFFFFF	37
2141	#FFFFFF	37
2142	#FFFFFF	37
2143	#FFFFFF	343
2144	#FFFFFF	343
2145	#FFFFFF	343
2146	#FFFEFE	92
2147	#FFFFFF	37
2148	#FFFFFF	37
2149	#FFFFFF	33
2150	#FFFFFF	33
2151	#FFFFFF	33
2152	#FFFFFF	33
2153	#FFFFFF	33
2154	#FFFFFF	33
2155	#FFFFFF	33
2156	#FFFFFF	33
2157	#FFFEFE	92
2158	#FFFFFF	37
2159	#FFFFFF	37
2160	#FFFFFF	37
2161	#FFFFFF	37
2162	#FFFFFF	37
2163	#FFFFFF	37
2164	#FFFFFF	33
2165	#FFFFFF	37
2166	#FFFFFF	37
2167	#FFFEFE	92
2168	#FFFEFE	92
2169	#FFFEFE	92
2170	#FFFEFE	92
2171	#FFFEFE	92
2173	#FFFEFE	255
2174	#FFFEFE	255
2175	#FFFEFE	92
2176	#FFFEFE	92
2177	#FFFEFE	255
2178	#FFFEFE	255
2179	#FFFEFE	255
2180	#FFFEFE	255
2181	#FFFFFF	37
2182	#FFFFFF	37
2183	#FFFFFF	37
2184	#FFFFFF	37
2185	#FFFEFE	92
2186	#FFFFFF	37
2187	#FFFFFF	37
2188	#FFFFFF	37
2189	#FFFFFF	37
2190	#FFFFFF	37
2191	#FFFFFF	37
2192	#FFFFFF	37
2193	#FFFFFF	37
2194	#FFFFFF	37
2195	#FFFFFF	37
2196	#FFFEFE	92
2197	#FFFFFF	37
2198	#FFFFFF	33
2199	#FFFFFF	33
2200	#FFFFFF	33
2201	#FFFFFF	33
2202	#FFFFFF	33
2203	#FFFFFF	33
2204	#FFFFFF	33
2205	#FFFFFF	33
2206	#FFFFFF	33
2207	#FFFEFE	92
2208	#FFFFFF	33
2209	#FFFFFF	37
2210	#FFFFFF	37
2211	#FFFFFF	37
2212	#FFFFFF	37
2213	#FFFFFF	37
2214	#FFFFFF	33
2215	#FFFFFF	33
2216	#FFFFFF	37
2217	#FFFFFF	33
2218	#FFFEFE	92
2219	#FFFEFE	92
2220	#FFFEFE	92
2221	#FFFEFE	92
2222	#FFFEFE	92
2224	#FFFEFE	255
2225	#FFFEFE	255
2226	#FFFEFE	92
2227	#FFFEFE	255
2228	#FFFEFE	255
2229	#FFFEFE	255
2230	#FFFEFE	255
2231	#FFFFFF	37
2232	#FFFFFF	37
2233	#FFFFFF	37
2234	#FFFFFF	37
2235	#FFFFFF	37
2236	#FFFEFE	255
2237	#FFFFFF	37
2238	#FFFFFF	37
2239	#FFFFFF	37
2240	#FFFFFF	37
2241	#FFFFFF	37
2242	#FFFFFF	37
2243	#FFFFFF	37
2244	#FFFFFF	37
2245	#FFFFFF	37
2246	#FFFFFF	33
2247	#FFFEFE	92
2248	#FFFFFF	33
2249	#FFFFFF	33
2250	#FFFFFF	33
2251	#FFFFFF	33
2252	#FFFFFF	33
2253	#FFFFFF	33
2254	#FFFFFF	33
2255	#FFFFFF	33
2256	#FFFFFF	33
2257	#FFFFFF	33
2258	#FFFEFE	92
2259	#FFFFFF	37
2260	#FFFFFF	37
2261	#FFFFFF	37
2262	#FFFFFF	37
2263	#FFFFFF	37
2264	#FFFFFF	33
2265	#FFFFFF	33
2266	#FFFFFF	33
2267	#FFFFFF	37
2268	#FFFEFE	92
2269	#FFFEFE	92
2270	#FFFEFE	92
2271	#FFFEFE	92
2272	#FFFEFE	92
2274	#FFFFFF	2
2275	#E3709E	165
2276	#FFFFFF	33
2277	#FFFFFF	33
2278	#FFFFFF	33
2279	#FFFFFF	33
2280	#FFFFFF	33
2281	#FFFFFF	33
2282	#FFFFFF	33
2283	#FFFFFF	33
2284	#FFFFFF	37
2285	#FFFFFF	37
2286	#E3709E	165
2287	#FFFFFF	37
2288	#FFFFFF	37
2289	#FFFFFF	37
2290	#FFFFFF	273
2291	#FFFFFF	273
2292	#FFFFFF	37
2293	#FFFFFF	37
2294	#FFFFFF	37
2295	#FFFFFF	37
2296	#FFFFFF	37
2297	#E3709E	165
2298	#FFFFFF	37
2299	#FFFFFF	37
2300	#FFFFFF	33
2301	#FFFFFF	33
2302	#FFFFFF	33
2303	#FFFFFF	33
2304	#FFFFFF	33
2305	#FFFFFF	33
2306	#FFFFFF	33
2307	#FFFFFF	33
2308	#FFFFFF	33
2309	#FFFFFF	33
2310	#FFFFFF	33
2311	#FFFFFF	33
2312	#FFFFFF	33
2313	#FFFFFF	33
2314	#FFFFFF	33
2315	#FFFFFF	37
2316	#FFFFFF	33
2317	#FFFFFF	37
2318	#FFFFFF	37
2319	#FFFFFF	33
2320	#FFFFFF	2
2321	#FFFFFF	33
2322	#FFFFFF	33
2323	#FFFFFF	33
2325	#CD1076	388
2326	#E3709E	165
2327	#FFFFFF	33
2328	#FFFFFF	33
2329	#FFFFFF	33
2330	#FFFFFF	33
2331	#FFFFFF	33
2332	#FFFFFF	33
2333	#FFFFFF	33
2334	#FFFFFF	37
2335	#FFFFFF	37
2336	#FFFFFF	37
2337	#E3709E	165
2338	#FFFFFF	37
2339	#FFFFFF	37
2340	#FFFFFF	273
2341	#FFFFFF	273
2342	#FFFFFF	37
2343	#FFFFFF	37
2344	#FFFFFF	37
2345	#FFFFFF	37
2346	#FFFFFF	33
2347	#FFFFFF	33
2348	#FFFFFF	33
2349	#FFFFFF	37
2350	#FFFFFF	33
2351	#FFFFFF	33
2352	#FFFFFF	33
2353	#FFFFFF	37
2354	#FFFFFF	33
2355	#FFFFFF	33
2356	#FFFFFF	33
2357	#FFFFFF	33
2358	#FFFFFF	33
2359	#FFFFFF	33
2360	#FFFFFF	33
2361	#FFFFFF	33
2362	#FFFFFF	33
2363	#FFFFFF	37
2364	#FFFFFF	37
2365	#FFFFFF	37
2366	#FFFFFF	33
2367	#FFFFFF	33
2368	#FFFFFF	37
2369	#FFFFFF	33
2370	#FFFFFF	33
2371	#FFFFFF	33
2372	#FFFFFF	33
2373	#FFFFFF	33
2375	#FFFEFE	255
2376	#FFFEFE	255
2377	#FFFEFE	92
2378	#FFFEFE	92
2379	#FFFEFE	255
2380	#FFFEFE	255
2381	#FFFEFE	255
2382	#FFFEFE	255
2383	#FFFFFF	37
2384	#FFFFFF	37
2385	#FFFFFF	37
2386	#FFFFFF	37
2387	#FFFEFE	255
2388	#FFFFFF	37
2389	#FFFFFF	37
2390	#FFFFFF	37
2391	#FFFFFF	37
2392	#FFFFFF	37
2393	#FFFFFF	37
2394	#FFFFFF	37
2395	#FFFFFF	37
2396	#FFFFFF	37
2397	#FFFFFF	37
2398	#FFFEFE	255
2399	#FFFFFF	33
2400	#FFFFFF	33
2401	#FFFFFF	33
2402	#FFFFFF	33
2403	#FFFFFF	33
2404	#FFFFFF	33
2405	#FFFFFF	33
2406	#FFFFFF	33
2407	#FFFFFF	33
2408	#FFFFFF	33
2409	#FFFEFE	92
2410	#FFFFFF	33
2411	#FFFFFF	33
2412	#FFFFFF	37
2413	#FFFFFF	33
2414	#FFFFFF	33
2415	#FFFFFF	33
2416	#FFFFFF	33
2417	#FFFFFF	33
2418	#FFFFFF	37
2419	#FFFFFF	33
2420	#FFFEFE	92
2421	#FFFEFE	92
2422	#FFFEFE	92
2423	#FFFEFE	92
2424	#FFFEFE	92
2426	#FFFEFE	255
2427	#FFFEFE	255
2428	#FFFEFE	92
2429	#FFFEFE	92
2430	#FFFEFE	92
2431	#FFFEFE	255
2432	#FFFEFE	255
2433	#FFFFFF	37
2434	#FFFFFF	37
2435	#FFFFFF	37
2436	#FFFFFF	37
2437	#FFFFFF	37
2438	#FFFEFE	255
2439	#FFFFFF	37
2440	#FFFFFF	37
2441	#FFFFFF	37
2442	#FFFFFF	37
2443	#FFFFFF	37
2444	#FFFFFF	37
2445	#FFFFFF	37
2446	#FFFFFF	37
2447	#FFFFFF	37
2448	#FFFFFF	33
2449	#FFFEFE	255
2450	#FFFFFF	33
2451	#FFFFFF	33
2452	#FFFFFF	33
2453	#FFFFFF	33
2454	#FFFFFF	33
2455	#FFFFFF	33
2456	#FFFFFF	33
2457	#FFFFFF	33
2458	#FFFFFF	33
2459	#FFFFFF	33
2460	#FFFEFE	92
2461	#FFFFFF	33
2462	#FFFFFF	37
2463	#FFFFFF	37
2464	#FFFFFF	33
2465	#FFFFFF	33
2466	#FFFFFF	33
2467	#FFFFFF	33
2468	#FFFFFF	33
2469	#FFFFFF	37
2470	#FFFEFE	92
2471	#FFFEFE	92
2472	#FFFEFE	92
2473	#FFFEFE	92
2474	#FFFEFE	92
2476	#FFFEFE	255
2477	#FFFEFE	255
2478	#FFFEFE	92
2479	#FFFEFE	255
2480	#FFFEFE	92
2481	#FFFEFE	92
2482	#FFFEFE	92
2483	#FFFEFE	255
2484	#FFFEFE	255
2485	#FFFEFE	255
2486	#FFFFFF	37
2487	#FFFFFF	37
2488	#FFFEFE	255
2489	#FFFFFF	37
2490	#FFFFFF	37
2491	#FFFFFF	37
2492	#FFFFFF	37
2493	#FFFFFF	37
2494	#FFFFFF	37
2495	#FFFFFF	37
2496	#FFFFFF	37
2497	#FFFFFF	37
2498	#FFFFFF	33
2499	#FFFEFE	255
2500	#FFFFFF	37
2501	#FFFFFF	33
2502	#FFFFFF	33
2503	#FFFFFF	33
2504	#FFFFFF	33
2505	#FFFFFF	33
2506	#FFFFFF	33
2507	#FFFFFF	33
2508	#FFFFFF	33
2509	#FFFFFF	33
2510	#FFFEFE	255
2511	#FFFFFF	33
2512	#FFFFFF	37
2513	#FFFFFF	37
2514	#FFFFFF	33
2515	#FFFFFF	33
2516	#FFFFFF	33
2517	#FFFFFF	33
2518	#FFFFFF	33
2519	#FFFFFF	33
2520	#FFFFFF	33
2521	#FFFEFE	92
2522	#FFFEFE	92
2523	#FFFEFE	92
2524	#FFFEFE	92
2525	#FFFEFE	92
2527	#FFFEFE	255
2528	#FFFEFE	255
2529	#FFFEFE	92
2530	#FFFEFE	255
2531	#FFFEFE	92
2532	#FFFEFE	92
2533	#FFFEFE	255
2534	#FFFEFE	255
2535	#FFFEFE	255
2536	#FFFFFF	37
2537	#FFFEFE	92
2538	#FFFEFE	92
2539	#FFFEFE	255
2540	#FFFFFF	37
2541	#FFFFFF	37
2542	#FFFFFF	37
2543	#FFFFFF	37
2544	#FFFFFF	37
2545	#FFFFFF	37
2546	#FFFFFF	37
2547	#FFFFFF	37
2548	#FFFFFF	37
2549	#FFFFFF	37
2550	#FFFEFE	255
2551	#FFFFFF	33
2552	#FFFFFF	33
2553	#FFFFFF	33
2554	#FFFFFF	33
2555	#FFFFFF	33
2556	#FFFFFF	33
2557	#FFFFFF	33
2558	#FFFFFF	33
2559	#FFFFFF	33
2560	#FFFFFF	33
2561	#FFFEFE	255
2562	#FFFFFF	33
2563	#FFFFFF	37
2564	#FFFFFF	37
2565	#FFFFFF	33
2566	#FFFFFF	33
2567	#FFFFFF	33
2568	#FFFFFF	33
2569	#FFFFFF	33
2570	#FFFFFF	33
2571	#FFFEFE	92
2572	#FFFEFE	92
2573	#FFFEFE	92
2574	#FFFEFE	92
2575	#FFFEFE	92
2577	#FFFEFE	255
2578	#FFFEFE	255
2579	#FFFEFE	92
2580	#FFFEFE	92
2581	#FFFEFE	255
2582	#FFFEFE	92
2583	#FFFEFE	255
2584	#FFFEFE	255
2585	#FFFEFE	255
2586	#FFFEFE	255
2587	#FFFFFF	37
2588	#FFFEFE	92
2589	#FFFEFE	255
2590	#FFFFFF	37
2591	#FFFFFF	37
2592	#FFFFFF	37
2593	#FFFFFF	37
2594	#FFFFFF	37
2595	#FFFFFF	37
2596	#FFFFFF	37
2597	#FFFFFF	37
2598	#FFFFFF	37
2599	#FFFFFF	37
2600	#FFFEFE	255
2601	#FFFFFF	37
2602	#FFFFFF	33
2603	#FFFFFF	33
2604	#FFFFFF	33
2605	#FFFFFF	33
2606	#FFFFFF	33
2607	#FFFFFF	33
2608	#FFFFFF	33
2609	#FFFFFF	33
2610	#FFFFFF	33
2611	#FFFEFE	255
2612	#FFFFFF	33
2613	#FFFFFF	37
2614	#FFFFFF	37
2615	#FFFFFF	37
2616	#FFFFFF	33
2617	#FFFFFF	33
2618	#FFFFFF	33
2619	#FFFFFF	33
2620	#FFFFFF	33
2621	#FFFFFF	33
2622	#FFFEFE	255
2623	#FFFEFE	92
2624	#FFFEFE	92
2625	#FFFEFE	92
2626	#FFFEFE	92
2628	#FFFEFE	255
2629	#FFFEFE	255
2630	#FFFEFE	92
2631	#FFFEFE	92
2632	#FFFEFE	255
2633	#FFFEFE	92
2634	#FFFEFE	255
2635	#FFFEFE	92
2636	#FFFEFE	255
2637	#FFFEFE	92
2638	#FFFFFF	37
2639	#FFFEFE	92
2640	#FFFEFE	255
2641	#FFFFFF	37
2642	#FFFFFF	37
2643	#FFFFFF	37
2644	#FFFFFF	37
2645	#FFFFFF	37
2646	#FFFFFF	37
2647	#FFFFFF	37
2648	#FFFFFF	37
2649	#FFFFFF	37
2650	#FFFFFF	37
2651	#FFFEFE	255
2652	#FFFFFF	33
2653	#FFFFFF	33
2654	#FFFFFF	33
2655	#FFFFFF	33
2656	#FFFFFF	33
2657	#FFFFFF	33
2658	#FFFFFF	33
2659	#FFFFFF	33
2660	#FFFFFF	33
2661	#FFFFFF	33
2662	#FFFEFE	255
2663	#FFFFFF	37
2664	#FFFFFF	33
2665	#FFFFFF	33
2666	#FFFFFF	33
2667	#FFFFFF	33
2668	#FFFFFF	33
2669	#FFFFFF	33
2670	#FFFFFF	33
2671	#FFFFFF	33
2672	#FFFEFE	255
2673	#FDEFF3	271
2674	#FFFEFE	92
2675	#FFFEFE	92
2676	#FFFEFE	92
2678	#FFFEFE	255
2679	#FFFEFE	255
2680	#FFFEFE	92
2681	#FFFEFE	92
2682	#FFFEFE	92
2683	#FFFEFE	255
2684	#FFFEFE	255
2685	#FFFEFE	92
2686	#FFFEFE	92
2687	#FFFEFE	92
2688	#FFFEFE	92
2689	#FFFEFE	92
2690	#FFFEFE	255
2691	#FFFFFF	37
2692	#FFFFFF	37
2693	#FFFFFF	37
2694	#FFFFFF	37
2695	#FFFFFF	37
2696	#FFFFFF	37
2697	#FFFFFF	37
2698	#FFFFFF	37
2699	#FFFFFF	37
2700	#FFFFFF	37
2701	#FFFEFE	255
2702	#FFFFFF	33
2703	#FFFFFF	33
2704	#FFFFFF	33
2705	#FFFFFF	33
2706	#FFFFFF	33
2707	#FFFFFF	33
2708	#FFFFFF	33
2709	#FFFFFF	33
2710	#FFFFFF	33
2711	#FFFFFF	33
2712	#FFFEFE	255
2713	#FFFFFF	33
2714	#FFFFFF	37
2715	#FFFFFF	33
2716	#FFFFFF	33
2717	#FFFFFF	33
2718	#FFFFFF	33
2719	#FFFFFF	33
2720	#FFFFFF	33
2721	#FFFFFF	33
2722	#FFFFFF	33
2723	#FFFEFE	255
2724	#FDEFF3	271
2725	#FDEFF3	271
2726	#FFFEFE	92
2727	#FFFEFE	92
2729	#FFFEFE	255
2730	#FFFEFE	255
2731	#FFFEFE	92
2732	#FFFEFE	92
2733	#FFFEFE	92
2734	#FFFEFE	255
2735	#FFFEFE	92
2736	#FFFEFE	92
2737	#FFFEFE	92
2738	#FFFFFF	37
2739	#FFFEFE	92
2740	#FFFFFF	37
2741	#FFFEFE	255
2742	#FFFFFF	37
2743	#FFFFFF	37
2744	#FFFFFF	37
2745	#FFFFFF	37
2746	#FFFFFF	37
2747	#FFFFFF	37
2748	#FFFFFF	37
2749	#FFFFFF	37
2750	#FFFFFF	37
2751	#FFFFFF	33
2752	#FFFEFE	255
2753	#FFFFFF	37
2754	#FFFFFF	33
2755	#FFFFFF	33
2756	#FFFFFF	37
2757	#FFFFFF	33
2758	#FFFFFF	33
2759	#FFFFFF	33
2760	#FFFFFF	33
2761	#FFFFFF	37
2762	#FFFFFF	37
2763	#FFFEFE	255
2764	#FFFFFF	37
2765	#FFFFFF	37
2766	#FFFFFF	33
2767	#FFFFFF	33
2768	#FFFFFF	33
2769	#FFFFFF	33
2770	#FFFFFF	33
2771	#FFFFFF	33
2772	#FFFFFF	33
2773	#FFFEFE	92
2774	#FFFEFE	92
2775	#FDEFF3	271
2776	#FFFEFE	92
2777	#FFFEFE	92
2779	#FFFEFE	255
2780	#FFFEFE	255
2781	#FFFEFE	92
2782	#FFFEFE	92
2783	#FFFEFE	92
2784	#FFFEFE	92
2785	#FFFEFE	255
2786	#FFFEFE	92
2787	#FFFEFE	92
2788	#FFFFFF	37
2789	#FFFFFF	37
2790	#FFFFFF	37
2791	#FFFEFE	255
2792	#FFFFFF	37
2793	#FFFFFF	37
2794	#FFFFFF	37
2795	#FFFFFF	37
2796	#FFFFFF	37
2797	#FFFFFF	37
2798	#FFFFFF	37
2799	#FFFFFF	37
2800	#FFFFFF	37
2801	#FFFFFF	37
2802	#FFFEFE	92
2803	#FFFFFF	37
2804	#FFFFFF	37
2805	#FFFFFF	37
2806	#FFFFFF	37
2807	#FFFFFF	37
2808	#FFFFFF	33
2809	#FFFFFF	37
2810	#FFFFFF	33
2811	#FFFFFF	33
2812	#FFFFFF	37
2813	#FFFEFE	92
2814	#FFFFFF	37
2815	#FFFFFF	37
2816	#FFFFFF	33
2817	#FFFFFF	33
2818	#FFFFFF	33
2819	#FFFFFF	33
2820	#FFFFFF	33
2821	#FFFFFF	33
2822	#FFFFFF	33
2823	#FFFFFF	33
2824	#FFFEFE	92
2825	#FFFEFE	92
2826	#FFFEFE	92
2827	#FDEFF3	271
2828	#FFFEFE	92
2830	#FFFEFE	255
2831	#FFFEFE	255
2832	#FFFEFE	92
2833	#FFFEFE	92
2834	#FFFEFE	92
2835	#FFFEFE	92
2836	#FFFEFE	255
2837	#FFFEFE	255
2838	#FFFEFE	92
2839	#FFFFFF	37
2840	#FFFFFF	37
2841	#FFFFFF	37
2842	#FFFEFE	92
2843	#FFFFFF	37
2844	#FFFFFF	37
2845	#FFFFFF	37
2846	#FFFFFF	37
2847	#FFFFFF	37
2848	#FFFFFF	37
2849	#FFFFFF	37
2850	#FFFFFF	37
2851	#FFFFFF	37
2852	#FFFFFF	37
2853	#FFFEFE	92
2854	#FFFFFF	37
2855	#FFFFFF	37
2856	#FFFFFF	37
2857	#FFFFFF	37
2858	#FFFFFF	37
2859	#FFFFFF	37
2860	#FFFFFF	37
2861	#FFFFFF	37
2862	#FFFFFF	37
2863	#FFFFFF	37
2864	#FFFEFE	92
2865	#FFFFFF	37
2866	#FFFFFF	33
2867	#FFFFFF	33
2868	#FFFFFF	33
2869	#FFFFFF	33
2870	#FFFFFF	33
2871	#FFFFFF	33
2872	#FFFFFF	33
2873	#FFFFFF	33
2874	#FFFEFE	92
2875	#FFFEFE	92
2876	#FFFEFE	92
2877	#FDEFF3	271
2878	#FDEFF3	271
2880	#FFFEFE	255
2881	#FFFEFE	255
2882	#FFFEFE	92
2883	#FFFEFE	92
2884	#FFFEFE	92
2885	#FFFEFE	92
2886	#FFFEFE	92
2887	#FFFEFE	255
2888	#FFFEFE	92
2889	#FFFFFF	37
2890	#FFFFFF	37
2891	#FFFFFF	37
2892	#FFFEFE	255
2893	#FFFFFF	37
2894	#FFFFFF	37
2895	#FFFFFF	37
2896	#FFFFFF	37
2897	#FFFFFF	37
2898	#FFFFFF	37
2899	#FFFFFF	37
2900	#FFFFFF	37
2901	#FFFFFF	37
2902	#FFFFFF	33
2903	#FFFEFE	92
2904	#FFFFFF	33
2905	#FFFFFF	37
2906	#FFFFFF	37
2907	#FFFFFF	37
2908	#FFFFFF	37
2909	#FFFFFF	37
2910	#FFFFFF	37
2911	#FFFFFF	37
2912	#FFFFFF	37
2913	#FFFFFF	37
2914	#FFFEFE	92
2915	#FFFFFF	37
2916	#FFFFFF	33
2917	#FFFFFF	33
2918	#FFFFFF	33
2919	#FFFFFF	33
2920	#FFFFFF	33
2921	#FFFFFF	33
2922	#FFFFFF	33
2923	#FFFFFF	33
2924	#FFFFFF	81
2925	#FFFEFE	92
2926	#FFFEFE	92
2927	#FFFEFE	92
2928	#FFFEFE	92
2929	#FDEFF3	271
2931	#FFFEFE	255
2932	#FFFEFE	92
2933	#FDEFF3	271
2934	#FFFEFE	92
2935	#FFFEFE	92
2936	#FFFEFE	92
2937	#FFFEFE	92
2938	#FFFEFE	92
2939	#FFFFFF	37
2940	#FFFFFF	37
2941	#FFFFFF	37
2942	#FFFFFF	37
2943	#FFFEFE	92
2944	#FFFFFF	37
2945	#FFFFFF	37
2946	#FFFFFF	37
2947	#FFFFFF	37
2948	#FFFFFF	37
2949	#FFFFFF	37
2950	#FFFFFF	37
2951	#FFFFFF	37
2952	#FFFFFF	37
2953	#FFFFFF	33
2954	#FFFEFE	92
2955	#FFFFFF	33
2956	#FFFFFF	37
2957	#FFFFFF	37
2958	#FFFFFF	37
2959	#FFFFFF	37
2960	#FFFFFF	37
2961	#FFFFFF	37
2962	#FFFFFF	37
2963	#FFFFFF	37
2964	#FFFFFF	37
2965	#FFFEFE	92
2966	#FFFFFF	33
2967	#FFFFFF	33
2968	#FFFFFF	33
2969	#FFFFFF	33
2970	#FFFFFF	33
2971	#FFFFFF	33
2972	#FFFFFF	33
2973	#FFFFFF	33
2974	#FFFFFF	81
2975	#FFFEFE	92
2976	#FFFEFE	92
2977	#FFFEFE	92
2978	#FDEFF3	271
2979	#FFFEFE	92
2981	#FFFEFE	255
2982	#FFFEFE	255
2983	#FDEFF3	271
2984	#FFFEFE	92
2985	#FFFEFE	92
2986	#FFFEFE	92
2987	#FFFEFE	92
2988	#FFFEFE	92
2989	#FFFFFF	37
2990	#FFFFFF	37
2991	#FFFFFF	37
2992	#FFFFFF	37
2993	#FFFEFE	92
2994	#FFFFFF	37
2995	#FFFFFF	37
2996	#FFFFFF	37
2997	#FFFFFF	37
2998	#FFFFFF	37
2999	#FFFFFF	37
3000	#FFFFFF	37
3001	#FFFFFF	37
3002	#FFFFFF	37
3003	#FFFFFF	37
3004	#FFFEFE	92
3005	#FFFFFF	33
3006	#FFFFFF	37
3007	#FFFFFF	33
3008	#FFFFFF	37
3009	#FFFFFF	37
3010	#FFFFFF	37
3011	#FFFFFF	37
3012	#FFFFFF	37
3013	#FFFFFF	37
3014	#FFFFFF	37
3015	#FFFEFE	92
3016	#FFFFFF	37
3017	#FFFFFF	33
3018	#FFFFFF	37
3019	#FFFFFF	33
3020	#FFFFFF	33
3021	#FFFFFF	33
3022	#FFFFFF	33
3023	#FFFFFF	33
3024	#FFFFFF	33
3025	#FFFFFF	81
3026	#FFFEFE	92
3027	#FFFEFE	92
3028	#FFFEFE	92
3029	#FDEFF3	271
3030	#FDEFF3	271
3032	#FFFEFE	255
3033	#FFFEFE	92
3034	#FFFEFE	92
3035	#FFFEFE	92
3036	#FFFFFF	37
3037	#FFFEFE	92
3038	#FFFEFE	92
3039	#FFFFFF	37
3040	#FFFFFF	37
3041	#FFFFFF	37
3042	#FFFFFF	37
3043	#FFFFFF	37
3044	#FFFEFE	92
3045	#FFFFFF	37
3046	#FFFFFF	37
3047	#FFFFFF	37
3048	#FFFFFF	33
3049	#FFFFFF	37
3050	#FFFFFF	37
3051	#FFFFFF	37
3052	#FFFFFF	37
3053	#FFFFFF	37
3054	#FFFFFF	33
3055	#FFFEFE	92
3056	#FFFFFF	33
3057	#FFFFFF	33
3058	#FFFFFF	37
3059	#FFFFFF	37
3060	#FFFFFF	37
3061	#FFFFFF	37
3062	#FFFFFF	37
3063	#FFFFFF	37
3064	#FFFFFF	37
3065	#FFFFFF	37
3066	#FFFEFE	92
3067	#FFFFFF	33
3068	#FFFFFF	37
3069	#FFFFFF	33
3070	#FFFFFF	33
3071	#FFFFFF	33
3072	#FFFFFF	33
3073	#FFFFFF	33
3074	#FFFFFF	33
3075	#FFFFFF	33
3076	#FFFEFE	92
3077	#FFFEFE	92
3078	#FDEFF3	271
3079	#FFFEFE	92
3080	#FDEFF3	271
3082	#FFFEFE	255
3083	#FFFEFE	255
3084	#FFFEFE	92
3085	#FFFEFE	92
3086	#FFFEFE	92
3087	#FFFFFF	37
3088	#FFFEFE	92
3089	#FFFFFF	37
3090	#FFFFFF	37
3091	#FFFFFF	37
3092	#FFFFFF	37
3093	#FFFFFF	37
3094	#FFFEFE	92
3095	#FFFFFF	37
3096	#FFFFFF	37
3097	#FFFFFF	37
3098	#FFFFFF	33
3099	#FFFFFF	33
3100	#FFFFFF	33
3101	#FFFFFF	37
3102	#FFFFFF	37
3103	#FFFFFF	37
3104	#FFFFFF	37
3105	#FFFEFE	92
3106	#FFFFFF	33
3107	#FFFFFF	33
3108	#FFFFFF	37
3109	#FFFFFF	37
3110	#FFFFFF	37
3111	#FFFFFF	37
3112	#FFFFFF	37
3113	#FFFFFF	37
3114	#FFFFFF	37
3115	#FFFFFF	37
3116	#FFFEFE	92
3117	#FFFFFF	33
3118	#FFFFFF	37
3119	#FFFFFF	37
3120	#FFFFFF	33
3121	#FFFFFF	33
3122	#FFFFFF	33
3123	#FFFFFF	33
3124	#FFFFFF	33
3125	#FFFFFF	81
3126	#FFFFFF	81
3127	#FFFEFE	92
3128	#FFFEFE	92
3129	#FDEFF3	271
3130	#FFFEFE	92
3131	#FFFEFE	92
3133	#FFFEFE	255
3134	#FFFEFE	92
3135	#FFFEFE	92
3136	#FFFEFE	92
3137	#FFFFFF	37
3138	#FFFFFF	37
3139	#FFFFFF	37
3140	#FFFFFF	37
3141	#FFFFFF	37
3142	#FFFFFF	37
3143	#FFFFFF	37
3144	#FFFFFF	37
3145	#FFFEFE	92
3146	#FFFFFF	37
3147	#FFFFFF	37
3148	#FFFFFF	37
3149	#FFFFFF	33
3150	#FFFFFF	33
3151	#FFFFFF	33
3152	#FFFFFF	37
3153	#FFFFFF	37
3154	#FFFFFF	33
3155	#FFFFFF	33
3156	#FFFEFE	92
3157	#FFFFFF	33
3158	#FFFFFF	37
3159	#FFFFFF	37
3160	#FFFFFF	37
3161	#FFFFFF	37
3162	#FFFFFF	37
3163	#FFFFFF	37
3164	#FFFFFF	37
3165	#FFFFFF	37
3166	#FFFFFF	33
3167	#FFFEFE	92
3168	#FFFFFF	37
3169	#FFFFFF	37
3170	#FFFFFF	33
3171	#FFFFFF	33
3172	#FFFFFF	33
3173	#FFFFFF	33
3174	#FFFFFF	33
3175	#FFFFFF	33
3176	#FFFFFF	81
3177	#FFFEFE	92
3178	#FDEFF3	271
3179	#FDEFF3	271
3180	#FFFEFE	92
3181	#FFFEFE	92
3183	#FFFEFE	255
3184	#FFFEFE	255
3185	#FFFEFE	92
3186	#FFFEFE	92
3187	#FFFEFE	92
3188	#FFFEFE	92
3189	#FFFFFF	37
3190	#FFFFFF	37
3191	#FFFFFF	37
3192	#FFFFFF	37
3193	#FFFFFF	37
3194	#FFFFFF	37
3195	#FFFEFE	92
3196	#FFFFFF	37
3197	#FFFFFF	37
3198	#FFFFFF	37
3199	#FFFFFF	33
3200	#FFFFFF	33
3201	#FFFFFF	33
3202	#FFFFFF	33
3203	#FFFFFF	37
3204	#FFFFFF	37
3205	#FFFFFF	33
3206	#FFFEFE	92
3207	#FFFFFF	33
3208	#FFFFFF	37
3209	#FFFFFF	37
3210	#FFFFFF	37
3211	#FFFFFF	37
3212	#FFFFFF	37
3213	#FFFFFF	37
3214	#FFFFFF	37
3215	#FFFFFF	37
3216	#FFFFFF	37
3217	#FFFEFE	92
3218	#FFFFFF	37
3219	#FFFFFF	37
3220	#FFFFFF	37
3221	#FFFFFF	37
3222	#FFFFFF	33
3223	#FFFFFF	33
3224	#FFFFFF	33
3225	#FFFFFF	33
3226	#FFFFFF	33
3227	#FFFFFF	81
3228	#FFFEFE	92
3229	#FDEFF3	271
3230	#FDEFF3	271
3231	#FDEFF3	271
3232	#FFFEFE	92
3234	#FFFEFE	255
3235	#FFFEFE	255
3236	#FFFEFE	92
3237	#FFFEFE	92
3238	#FFFEFE	92
3239	#FFFFFF	37
3240	#FFFFFF	37
3241	#FFFFFF	37
3242	#FFFFFF	37
3243	#FFFFFF	37
3244	#FFFFFF	37
3245	#FFFFFF	37
3246	#FFFEFE	92
3247	#FFFFFF	37
3248	#FFFFFF	37
3249	#FFFFFF	33
3250	#FFFFFF	33
3251	#FFFFFF	33
3252	#FFFFFF	33
3253	#FFFFFF	33
3254	#FFFFFF	37
3255	#FFFFFF	33
3256	#FFFFFF	33
3257	#FFFEFE	92
3258	#FFFFFF	37
3259	#FFFFFF	37
3260	#FFFFFF	37
3261	#FFFFFF	37
3262	#FFFFFF	37
3263	#FFFFFF	37
3264	#FFFFFF	37
3265	#FFFFFF	37
3266	#FFFFFF	37
3267	#FFFFFF	37
3268	#FFFEFE	92
3269	#FFFFFF	37
3270	#FFFFFF	37
3271	#FFFFFF	37
3272	#FFFFFF	37
3273	#FFFFFF	33
3274	#FFFFFF	33
3275	#FFFFFF	33
3276	#FFFFFF	33
3277	#FFFFFF	33
3278	#FDEFF3	271
3279	#FDEFF3	271
3280	#FDEFF3	271
3281	#FFFEFE	92
3282	#FFFEFE	92
3284	#FFFEFE	255
3285	#FFFEFE	255
3286	#FFFEFE	92
3287	#FFFEFE	92
3288	#FFFFFF	37
3289	#FFFFFF	37
3290	#FFFFFF	37
3291	#FFFFFF	37
3292	#FFFFFF	37
3293	#FFFFFF	37
3294	#FFFFFF	37
3295	#FFFFFF	37
3296	#FFFEFE	92
3297	#FFFFFF	37
3298	#FFFFFF	37
3299	#FFFFFF	37
3300	#FFFFFF	33
3301	#FFFFFF	33
3302	#FFFFFF	33
3303	#FFFFFF	37
3304	#FFFFFF	37
3305	#FFFFFF	33
3306	#FFFFFF	37
3307	#FFFEFE	92
3308	#FFFFFF	37
3309	#FFFFFF	37
3310	#FFFFFF	37
3311	#FFFFFF	37
3312	#FFFFFF	37
3313	#FFFFFF	37
3314	#FFFFFF	37
3315	#FFFFFF	37
3316	#FFFFFF	37
3317	#FFFFFF	37
3318	#FFFEFE	92
3319	#FFFFFF	37
3320	#FFFFFF	33
3321	#FFFFFF	33
3322	#FFFFFF	33
3323	#FFFFFF	33
3324	#FFFFFF	33
3325	#FFFFFF	33
3326	#FFFFFF	33
3327	#FFFFFF	33
3328	#FFFFFF	33
3329	#FDEFF3	271
3330	#FDEFF3	271
3331	#FDEFF3	271
3332	#FFFEFE	92
3333	#FFFEFE	92
3335	#FFFEFE	255
3336	#FFFEFE	255
3337	#FFFFFF	37
3338	#FFFFFF	37
3339	#FFFFFF	37
3340	#FFFFFF	37
3341	#FFFFFF	37
3342	#FFFFFF	37
3343	#FFFFFF	37
3344	#FFFFFF	37
3345	#FFFFFF	37
3346	#FFFFFF	33
3347	#FFFEFE	92
3348	#FFFFFF	37
3349	#FFFFFF	37
3350	#FFFFFF	37
3351	#FFFFFF	37
3352	#FFFFFF	33
3353	#FFFFFF	33
3354	#FFFFFF	37
3355	#FFFFFF	33
3356	#FFFFFF	33
3357	#FFFFFF	37
3358	#FFFEFE	92
3359	#FFFFFF	37
3360	#FFFFFF	37
3361	#FFFFFF	37
3362	#FFFFFF	37
3363	#FFFFFF	37
3364	#FFFFFF	37
3365	#FFFFFF	37
3366	#FFFFFF	37
3367	#FFFFFF	37
3368	#FFFFFF	37
3369	#FDEFF3	271
3370	#FFFFFF	37
3371	#FFFFFF	33
3372	#FFFFFF	33
3373	#FFFFFF	33
3374	#FFFFFF	33
3375	#FFFFFF	33
3376	#FFFFFF	33
3377	#FFFFFF	33
3378	#FFFFFF	33
3379	#FDEFF3	271
3380	#FFFEFE	92
3381	#FFFEFE	92
3382	#FFFEFE	92
3383	#FFFEFE	92
3385	#FFFEFE	255
3386	#E3709E	165
3387	#FFFFFF	33
3388	#FFFFFF	33
3389	#FFFFFF	33
3390	#FFFFFF	33
3391	#FFFFFF	33
3392	#FFFFFF	33
3393	#FFFFFF	33
3394	#FFFFFF	37
3395	#FFFFFF	37
3396	#FFFFFF	37
3397	#E3709E	165
3398	#FFFFFF	37
3399	#FFFFFF	37
3400	#FFFFFF	273
3401	#FFFFFF	273
3402	#FFFFFF	273
3403	#FFFFFF	273
3404	#FFFFFF	37
3405	#FFFFFF	37
3406	#FFFFFF	37
3407	#FFFFFF	33
3408	#FFFFFF	33
3409	#FFFFFF	33
3410	#FFFFFF	33
3411	#FFFFFF	33
3412	#FFFFFF	33
3413	#FFFFFF	33
3414	#FFFFFF	37
3415	#FFFFFF	33
3416	#FFFFFF	33
3417	#FFFFFF	33
3418	#FFFFFF	33
3419	#FFFFFF	33
3420	#FFFFFF	33
3421	#FFFFFF	33
3422	#FFFFFF	33
3423	#FFFFFF	33
3424	#FFFFFF	37
3425	#FFFFFF	37
3426	#FFFFFF	33
3427	#FFFFFF	37
3428	#FFFFFF	33
3429	#FFFFFF	37
3430	#FFFFFF	33
3431	#FFFFFF	33
3432	#FFFFFF	33
3433	#FFFFFF	33
3434	#FFFFFF	33
3436	#FFFEFE	255
3437	#FFFEFE	255
3438	#FFFFFF	33
3439	#FFFFFF	33
3440	#FFFFFF	33
3441	#FFFFFF	33
3442	#FFFFFF	33
3443	#FFFFFF	33
3444	#FFFFFF	37
3445	#FFFFFF	37
3446	#FFFFFF	37
3447	#FFFFFF	37
3448	#FFFEFE	255
3449	#FFFFFF	37
3450	#FFFFFF	273
3451	#FFFFFF	37
3452	#FFFFFF	273
3453	#FFFFFF	273
3454	#FFFFFF	273
3455	#FFFFFF	37
3456	#FFFFFF	273
3457	#FFFFFF	37
3458	#FFFFFF	37
3459	#FFFFFF	33
3460	#FFFFFF	33
3461	#FFFFFF	33
3462	#FFFFFF	33
3463	#FFFFFF	33
3464	#FFFFFF	33
3465	#FFFFFF	37
3466	#FFFFFF	37
3467	#FFFFFF	33
3468	#FFFFFF	37
3469	#FFFFFF	33
3470	#FFFFFF	33
3471	#FFFFFF	33
3472	#FFFFFF	33
3473	#FFFFFF	33
3474	#FFFFFF	33
3475	#FFFFFF	37
3476	#FFFFFF	37
3477	#FFFFFF	37
3478	#FFFFFF	37
3479	#FFFFFF	37
3480	#FFFFFF	33
3481	#FFFFFF	33
3482	#FFFFFF	33
3483	#FFFFFF	33
3484	#FFFFFF	33
3486	#FFFEFE	255
3487	#FFFEFE	255
3488	#FFFEFE	92
3489	#FFFFFF	37
3490	#FFFFFF	37
3491	#FFFFFF	37
3492	#FFFFFF	37
3493	#FFFFFF	37
3494	#FFFFFF	37
3495	#FFFFFF	37
3496	#FFFFFF	37
3497	#FFFFFF	37
3498	#FFFEFE	92
3499	#FFFFFF	33
3500	#FFFFFF	37
3501	#FFFFFF	37
3502	#FFFFFF	37
3503	#FFFFFF	37
3504	#FFFFFF	33
3505	#FFFFFF	33
3506	#FFFFFF	33
3507	#FFFFFF	33
3508	#FFFFFF	37
3509	#FFFEFE	92
3510	#FFFFFF	37
3511	#FFFFFF	37
3512	#FFFFFF	37
3513	#FFFFFF	37
3514	#FFFFFF	37
3515	#FFFFFF	37
3516	#FFFFFF	37
3517	#FFFFFF	37
3518	#FFFFFF	37
3519	#FFFFFF	37
3520	#FDEFF3	271
3521	#FFFFFF	33
3522	#FFFFFF	33
3523	#FFFFFF	33
3524	#FFFFFF	33
3525	#FFFFFF	33
3526	#FFFFFF	33
3527	#FFFFFF	33
3528	#FFFFFF	33
3529	#FFFFFF	33
3530	#FFFFFF	81
3531	#FDEFF3	271
3532	#FDEFF3	271
3533	#FFFEFE	92
3534	#FFFEFE	92
3535	#FFFEFE	92
3537	#FFFEFE	255
3538	#FFFEFE	255
3539	#FFFFFF	37
3540	#FFFFFF	37
3541	#FFFFFF	37
3542	#FFFFFF	37
3543	#FFFFFF	37
3544	#FFFFFF	37
3545	#FFFFFF	37
3546	#FFFFFF	37
3547	#FFFFFF	37
3548	#FFFFFF	37
3549	#FFFEFE	92
3550	#FFFFFF	33
3551	#FFFFFF	37
3552	#FFFFFF	37
3553	#FFFFFF	37
3554	#FFFFFF	33
3555	#FFFFFF	33
3556	#FFFFFF	33
3557	#FFFFFF	33
3558	#FFFFFF	33
3559	#FFFFFF	37
3560	#FFFEFE	92
3561	#FFFFFF	37
3562	#FFFFFF	37
3563	#FFFFFF	37
3564	#FFFFFF	37
3565	#FFFFFF	37
3566	#FFFFFF	37
3567	#FFFFFF	37
3568	#FFFFFF	37
3569	#FFFFFF	37
3570	#FFFFFF	37
3571	#FFFEFE	92
3572	#FFFFFF	33
3573	#FFFFFF	33
3574	#FFFFFF	33
3575	#FFFFFF	33
3576	#FFFFFF	33
3577	#FFFFFF	33
3578	#FFFFFF	33
3579	#FFFFFF	33
3580	#FFFFFF	33
3581	#FDEFF3	271
3582	#FFFEFE	92
3583	#FFFEFE	92
3584	#FFFEFE	92
3585	#FFFEFE	92
3587	#FFFEFE	255
3588	#FFFEFE	255
3589	#FFFFFF	37
3590	#FFFFFF	37
3591	#FFFFFF	37
3592	#FFFFFF	37
3593	#FFFFFF	37
3594	#FFFFFF	37
3595	#FFFFFF	37
3596	#FFFFFF	37
3597	#FFFFFF	37
3598	#FFFFFF	37
3599	#FFFEFE	92
3600	#FFFFFF	33
3601	#FFFFFF	33
3602	#FFFFFF	37
3603	#FFFFFF	37
3604	#FFFFFF	37
3605	#FFFFFF	33
3606	#FFFFFF	37
3607	#FFFFFF	33
3608	#FFFFFF	33
3609	#FFFFFF	37
3610	#FFFEFE	92
3611	#FFFFFF	37
3612	#FFFFFF	37
3613	#FFFFFF	37
3614	#FFFFFF	37
3615	#FFFFFF	37
3616	#FFFFFF	37
3617	#FFFFFF	37
3618	#FFFFFF	37
3619	#FFFFFF	37
3620	#FFFFFF	37
3621	#FFFEFE	92
3622	#FFFFFF	37
3623	#FFFFFF	33
3624	#FFFFFF	33
3625	#FFFFFF	33
3626	#FFFFFF	33
3627	#FFFFFF	33
3628	#FFFFFF	33
3629	#FFFFFF	33
3630	#FFFFFF	33
3631	#FFFFFF	33
3632	#FDEFF3	271
3633	#FFFEFE	92
3634	#FFFEFE	92
3635	#FFFEFE	92
3636	#FFFFFF	37
3638	#FFFEFE	255
3639	#FFFEFE	255
3640	#FFFFFF	37
3641	#FFFFFF	37
3642	#FFFFFF	37
3643	#FFFFFF	37
3644	#FFFFFF	37
3645	#FFFFFF	37
3646	#FFFFFF	37
3647	#FFFFFF	37
3648	#FFFFFF	37
3649	#FFFFFF	37
3650	#FFFEFE	92
3651	#FFFFFF	33
3652	#FFFFFF	33
3653	#FFFFFF	37
3654	#FFFFFF	37
3655	#FFFFFF	37
3656	#FFFFFF	37
3657	#FFFFFF	33
3658	#FFFFFF	33
3659	#FFFFFF	33
3660	#FFFFFF	37
3661	#FFFEFE	92
3662	#FFFFFF	37
3663	#FFFFFF	37
3664	#FFFFFF	37
3665	#FFFFFF	37
3666	#FFFFFF	37
3667	#FFFFFF	37
3668	#FFFFFF	33
3669	#FFFFFF	37
3670	#FFFFFF	37
3671	#FFFFFF	37
3672	#FDEFF3	271
3673	#FFFFFF	37
3674	#FFFFFF	33
3675	#FFFFFF	33
3676	#FFFFFF	33
3677	#FFFFFF	33
3678	#FFFFFF	33
3679	#FFFFFF	33
3680	#FFFFFF	33
3681	#FFFFFF	33
3682	#FFFEFE	92
3683	#FFFEFE	92
3684	#FFFFFF	33
3685	#FFFEFE	92
3686	#FFFFFF	37
3688	#FFFEFE	255
3689	#FFFEFE	255
3690	#FFFFFF	37
3691	#FFFFFF	37
3692	#FFFFFF	37
3693	#FFFFFF	37
3694	#FFFFFF	37
3695	#FFFFFF	37
3696	#FFFFFF	37
3697	#FFFFFF	37
3698	#FFFFFF	37
3699	#FFFFFF	33
3700	#FFFEFE	92
3701	#FFFFFF	33
3702	#FFFFFF	33
3703	#FFFFFF	37
3704	#FFFFFF	37
3705	#FFFFFF	37
3706	#FFFFFF	37
3707	#FFFFFF	33
3708	#FFFFFF	33
3709	#FFFFFF	33
3710	#FFFFFF	33
3711	#FFFEFE	92
3712	#FFFFFF	37
3713	#FFFFFF	37
3714	#FFFFFF	37
3715	#FFFFFF	37
3716	#FFFFFF	37
3717	#FFFFFF	37
3718	#FFFFFF	37
3719	#FFFFFF	33
3720	#FFFFFF	37
3721	#FFFFFF	37
3722	#FDEFF3	271
3723	#FFFFFF	37
3724	#FFFFFF	33
3725	#FFFFFF	33
3726	#FFFFFF	33
3727	#FFFFFF	33
3728	#FFFFFF	33
3729	#FFFFFF	33
3730	#FFFFFF	33
3731	#FFFFFF	33
3732	#FFFFFF	33
3733	#FFFEFE	92
3734	#FFFEFE	92
3735	#FFFFFF	33
3736	#FFFEFE	92
3737	#FFFFFF	37
3739	#FFFEFE	255
3740	#FFFEFE	92
3741	#FFFFFF	37
3742	#FFFFFF	37
3743	#FFFFFF	37
3744	#FFFFFF	37
3745	#FFFFFF	33
3746	#FFFFFF	37
3747	#FFFFFF	37
3748	#FFFFFF	37
3749	#FFFFFF	33
3750	#FFFFFF	33
3751	#FFFEFE	92
3752	#FFFFFF	33
3753	#FFFFFF	33
3754	#FFFFFF	37
3755	#FFFFFF	37
3756	#FFFFFF	37
3757	#FFFFFF	37
3758	#FFFFFF	33
3759	#FFFFFF	33
3760	#FFFFFF	33
3761	#FFFFFF	37
3762	#FDEFF3	271
3763	#FFFFFF	37
3764	#FFFFFF	37
3765	#FFFFFF	33
3766	#FFFFFF	37
3767	#FFFFFF	37
3768	#FFFFFF	37
3769	#FFFFFF	33
3770	#FFFFFF	33
3771	#FFFFFF	37
3772	#FFFFFF	37
3773	#FFFEFE	92
3774	#FFFFFF	33
3775	#FFFFFF	37
3776	#FFFFFF	37
3777	#FFFFFF	33
3778	#FFFFFF	33
3779	#FFFFFF	33
3780	#FFFFFF	33
3781	#FFFFFF	33
3782	#FFFFFF	33
3783	#FFFEFE	92
3784	#FFFFFF	33
3785	#FFFFFF	33
3786	#FFFFFF	37
3787	#FFFFFF	37
3789	#FFFEFE	255
3790	#FFFEFE	255
3791	#FFFFFF	37
3792	#FFFFFF	37
3793	#FFFFFF	37
3794	#FFFFFF	37
3795	#FFFFFF	33
3796	#FFFFFF	37
3797	#FFFFFF	37
3798	#FFFFFF	37
3799	#FFFFFF	37
3800	#FFFFFF	33
3801	#FFFEFE	255
3802	#FFFFFF	33
3803	#FFFFFF	33
3804	#FFFFFF	37
3805	#FFFFFF	37
3806	#FFFFFF	37
3807	#FFFFFF	37
3808	#FFFFFF	37
3809	#FFFFFF	33
3810	#FFFFFF	37
3811	#FFFFFF	37
3812	#FFFEFE	92
3813	#FFFFFF	37
3814	#FFFFFF	37
3815	#FFFFFF	33
3816	#FFFFFF	33
3817	#FFFFFF	37
3818	#FFFFFF	33
3819	#FFFFFF	37
3820	#FFFFFF	33
3821	#FFFFFF	37
3822	#FFFFFF	37
3823	#FFFEFE	92
3824	#FFFFFF	33
3825	#FFFFFF	37
3826	#FFFFFF	37
3827	#FFFFFF	37
3828	#FFFFFF	33
3829	#FFFFFF	33
3830	#FFFFFF	33
3831	#FFFFFF	33
3832	#FFFFFF	33
3833	#FFFFFF	33
3834	#FFFEFE	92
3835	#FFFFFF	33
3836	#FFFFFF	33
3837	#FFFFFF	37
3838	#FFFFFF	37
3840	#FFFEFE	255
3841	#FFFEFE	255
3842	#FFFFFF	37
3843	#FFFFFF	37
3844	#FFFFFF	37
3845	#FFFFFF	33
3846	#FFFFFF	33
3847	#FFFFFF	33
3848	#FFFFFF	33
3849	#FFFFFF	37
3850	#FFFFFF	33
3851	#FFFFFF	33
3852	#FFFEFE	92
3853	#FFFFFF	33
3854	#FFFFFF	33
3855	#FFFFFF	37
3856	#FFFFFF	37
3857	#FFFFFF	37
3858	#FFFFFF	37
3859	#FFFFFF	33
3860	#FFFFFF	37
3861	#FFFFFF	37
3862	#FFFFFF	37
3863	#FFFEFE	92
3864	#FFFFFF	37
3865	#FFFFFF	37
3866	#FFFFFF	33
3867	#FFFFFF	33
3868	#FFFFFF	33
3869	#FFFFFF	37
3870	#FFFFFF	37
3871	#FFFFFF	33
3872	#FFFFFF	33
3873	#FFFFFF	37
3874	#FFFEFE	92
3875	#FFFFFF	37
3876	#FFFFFF	37
3877	#FFFFFF	37
3878	#FFFFFF	37
3879	#FFFFFF	33
3880	#FFFFFF	33
3881	#FFFFFF	33
3882	#FFFFFF	33
3883	#FFFFFF	33
3884	#FFFFFF	33
3885	#FFFFFF	33
3886	#FFFFFF	37
3887	#FFFFFF	37
3888	#FFFFFF	37
3890	#FFFEFE	255
3891	#FFFEFE	255
3892	#FFFFFF	37
3893	#FFFFFF	37
3894	#FFFFFF	37
3895	#FFFFFF	33
3896	#FFFFFF	33
3897	#FFFFFF	33
3898	#FFFFFF	33
3899	#FFFFFF	33
3900	#FFFFFF	33
3901	#FFFFFF	33
3902	#FFFEFE	92
3903	#FFFFFF	33
3904	#FFFFFF	33
3905	#FFFFFF	37
3906	#FFFFFF	37
3907	#FFFFFF	37
3908	#FFFFFF	37
3909	#FFFFFF	37
3910	#FFFFFF	33
3911	#FFFFFF	37
3912	#FFFFFF	37
3913	#FFFEFE	92
3914	#FFFFFF	37
3915	#FFFFFF	37
3916	#FFFFFF	37
3917	#FFFFFF	33
3918	#FFFFFF	33
3919	#FFFFFF	37
3920	#FFFFFF	33
3921	#FFFFFF	37
3922	#FFFFFF	33
3923	#FFFFFF	33
3924	#FFFEFE	92
3925	#FFFFFF	37
3926	#FFFFFF	37
3927	#FFFFFF	37
3928	#FFFFFF	37
3929	#FFFFFF	33
3930	#FFFFFF	33
3931	#FFFFFF	33
3932	#FFFFFF	33
3933	#FFFFFF	33
3934	#FFFFFF	33
3935	#FFFFFF	33
3936	#FFFFFF	33
3937	#FFFFFF	37
3938	#FFFFFF	37
3939	#FFFFFF	37
3941	#FFFEFE	255
3942	#FFFEFE	255
3943	#FFFFFF	37
3944	#FFFFFF	37
3945	#FFFFFF	37
3946	#FFFFFF	33
3947	#FFFFFF	33
3948	#FFFFFF	33
3949	#FFFFFF	33
3950	#FFFFFF	33
3951	#FFFFFF	33
3952	#FFFFFF	33
3953	#FFFFFF	33
3954	#FFFFFF	37
3955	#FFFFFF	37
3956	#FFFFFF	37
3957	#FFFFFF	37
3958	#FFFFFF	37
3959	#FFFFFF	37
3960	#FFFFFF	33
3961	#FFFFFF	33
3962	#FFFFFF	37
3963	#FFFFFF	37
3964	#FFFFFF	33
3965	#FFFFFF	37
3966	#FFFFFF	33
3967	#FFFFFF	37
3968	#FFFFFF	33
3969	#FFFFFF	33
3970	#FFFFFF	33
3971	#FFFFFF	33
3972	#FFFFFF	33
3973	#FFFFFF	37
3974	#FFFFFF	37
3975	#FFFEFE	92
3976	#FFFFFF	33
3977	#FFFFFF	37
3978	#FFFFFF	37
3979	#FFFFFF	37
3980	#FFFFFF	33
3981	#FFFFFF	33
3982	#FFFFFF	33
3983	#FFFFFF	33
3984	#FFFFFF	33
3985	#FFFFFF	33
3986	#FFFFFF	33
3987	#FFFFFF	37
3988	#FFFFFF	37
3989	#FFFFFF	37
3991	#FFFEFE	255
3992	#FFFEFE	255
3993	#FFFFFF	37
3994	#FFFFFF	37
3995	#FFFFFF	33
3996	#FFFFFF	33
3997	#FFFFFF	33
3998	#FFFFFF	33
3999	#FFFFFF	33
4000	#FFFFFF	33
4001	#FFFFFF	33
4002	#FFFFFF	33
4003	#FFFFFF	33
4004	#FFFFFF	33
4005	#FFFFFF	37
4006	#FFFFFF	37
4007	#FFFFFF	37
4008	#FFFFFF	37
4009	#FFFFFF	37
4010	#FFFFFF	33
4011	#FFFFFF	33
4012	#FFFFFF	33
4013	#FFFFFF	37
4014	#FFFFFF	33
4015	#FFFFFF	37
4016	#FFFFFF	33
4017	#FFFFFF	33
4018	#FFFFFF	33
4019	#FFFFFF	33
4020	#FFFFFF	33
4021	#FFFFFF	33
4022	#FFFFFF	33
4023	#FFFFFF	37
4024	#FFFFFF	37
4025	#FFFEFE	92
4026	#FFFFFF	33
4027	#FFFFFF	33
4028	#FFFFFF	33
4029	#FFFFFF	33
4030	#FFFFFF	33
4031	#FFFFFF	33
4032	#FFFFFF	33
4033	#FFFFFF	33
4034	#FFFFFF	33
4035	#FFFFFF	33
4036	#FFFFFF	33
4037	#FFFFFF	33
4038	#FFFFFF	33
4039	#FFFFFF	37
4040	#FFFFFF	37
4042	#FFFEFE	255
4043	#FFFEFE	255
4044	#FFFFFF	33
4045	#FFFFFF	33
4046	#FFFFFF	33
4047	#FFFFFF	33
4048	#FFFFFF	33
4049	#FFFFFF	33
4050	#FFFFFF	37
4051	#FFFFFF	37
4052	#FFFFFF	33
4053	#FFFFFF	37
4054	#FFFEFE	255
4055	#FFFFFF	37
4056	#FFFFFF	37
4057	#FFFFFF	37
4058	#FFFFFF	37
4059	#FFFFFF	273
4060	#FFFFFF	273
4061	#FFFFFF	37
4062	#FFFFFF	37
4063	#FFFFFF	273
4064	#FFFFFF	273
4065	#FFFFFF	33
4066	#FFFFFF	37
4067	#FFFFFF	33
4068	#FFFFFF	33
4069	#FFFFFF	33
4070	#FFFFFF	33
4071	#FFFFFF	37
4072	#FFFFFF	37
4073	#FFFFFF	37
4074	#FFFFFF	37
4075	#FFFFFF	33
4076	#FFFFFF	33
4077	#FFFFFF	33
4078	#FFFFFF	33
4079	#FFFFFF	33
4080	#FFFFFF	33
4081	#FFFFFF	37
4082	#FFFFFF	37
4083	#FFFFFF	37
4084	#FFFFFF	37
4085	#FFFFFF	37
4086	#FFFFFF	37
4087	#FFFFFF	33
4088	#FFFFFF	33
4089	#FFFFFF	33
4090	#FFFFFF	33
4091	#FFFFFF	33
4093	#FFFEFE	255
4094	#FFFEFE	255
4095	#FFFFFF	33
4096	#FFFFFF	33
4097	#FFFFFF	33
4098	#FFFFFF	33
4099	#FFFFFF	33
4100	#FFFFFF	33
4101	#FFFFFF	33
4102	#FFFFFF	33
4103	#FFFFFF	33
4104	#FFFFFF	37
4105	#FFFEFE	255
4106	#FFFFFF	37
4107	#FFFFFF	37
4108	#FFFFFF	273
4109	#FFFFFF	273
4110	#FFFFFF	273
4111	#FFFFFF	273
4112	#FFFFFF	273
4113	#FFFFFF	273
4114	#FFFFFF	273
4115	#FFFFFF	37
4116	#FFFFFF	33
4117	#FFFFFF	37
4118	#FFFFFF	33
4119	#FFFFFF	33
4120	#FFFFFF	33
4121	#FFFFFF	33
4122	#FFFFFF	33
4123	#FFFFFF	37
4124	#FFFFFF	37
4125	#FFFFFF	33
4126	#FFFFFF	33
4127	#FFFFFF	33
4128	#FFFFFF	33
4129	#FFFFFF	33
4130	#FFFFFF	37
4131	#FFFFFF	33
4132	#FFFFFF	33
4133	#FFFFFF	37
4134	#FFFFFF	37
4135	#FFFFFF	37
4136	#FFFFFF	37
4137	#FFFFFF	33
4138	#FFFFFF	33
4139	#FFFFFF	33
4140	#FFFFFF	33
4141	#FFFFFF	33
4143	#FFFEFE	255
4144	#FFFEFE	255
4145	#FFFFFF	33
4146	#FFFFFF	33
4147	#FFFFFF	33
4148	#FFFFFF	33
4149	#FFFFFF	33
4150	#FFFFFF	33
4151	#FFFFFF	33
4152	#FFFFFF	33
4153	#FFFFFF	33
4154	#FFFFFF	33
4155	#FFFEFE	255
4156	#FFFFFF	37
4157	#FFFFFF	37
4158	#FFFFFF	273
4159	#FFFFFF	273
4160	#FFFFFF	273
4161	#FFFFFF	273
4162	#FFFFFF	273
4163	#FFFFFF	273
4164	#FFFFFF	273
4165	#FFFFFF	37
4166	#FFFEFE	255
4167	#FFFFFF	37
4168	#FFFFFF	33
4169	#FFFFFF	33
4170	#FFFFFF	33
4171	#FFFFFF	33
4172	#FFFFFF	33
4173	#FFFFFF	37
4174	#FFFFFF	37
4175	#FFFFFF	33
4176	#FFFFFF	33
4177	#FFFFFF	33
4178	#FFFFFF	33
4179	#FFFFFF	33
4180	#FFFFFF	37
4181	#FFFFFF	33
4182	#FFFFFF	33
4183	#FFFFFF	37
4184	#FFFFFF	37
4185	#FFFFFF	37
4186	#FFFFFF	37
4187	#FFFFFF	37
4188	#FFFFFF	33
4189	#FFFFFF	33
4190	#FFFFFF	33
4191	#FFFFFF	33
4192	#FFFFFF	33
4194	#FFFEFE	255
4195	#FFFEFE	255
4196	#FFFFFF	33
4197	#FFFFFF	33
4198	#FFFFFF	33
4199	#FFFFFF	33
4200	#FFFFFF	33
4201	#FFFFFF	33
4202	#FFFFFF	33
4203	#FFFFFF	33
4204	#FFFFFF	33
4205	#FFFFFF	37
4206	#FFFEFE	255
4207	#FFFFFF	37
4208	#FFFFFF	37
4209	#FFFFFF	37
4210	#FFFFFF	273
4211	#FFFFFF	273
4212	#FFFFFF	273
4213	#FFFFFF	273
4214	#FFFFFF	273
4215	#FFFFFF	273
4216	#FFFFFF	37
4217	#FFFFFF	33
4218	#FFFFFF	37
4219	#FFFFFF	33
4220	#FFFFFF	33
4221	#FFFFFF	33
4222	#FFFFFF	33
4223	#FFFFFF	37
4224	#FFFFFF	37
4225	#FFFFFF	33
4226	#FFFFFF	37
4227	#FFFFFF	37
4228	#FFFFFF	33
4229	#FFFFFF	37
4230	#FFFFFF	37
4231	#FFFFFF	33
4232	#FFFFFF	33
4233	#FFFFFF	33
4234	#FFFFFF	37
4235	#FFFFFF	37
4236	#FFFFFF	37
4237	#FFFFFF	37
4238	#FFFFFF	33
4239	#FFFFFF	33
4240	#FFFFFF	33
4241	#FFFFFF	33
4242	#FFFFFF	33
4244	#FFFEFE	255
4245	#FFFEFE	255
4246	#FFFFFF	33
4247	#FFFFFF	33
4248	#FFFFFF	33
4249	#FFFFFF	33
4250	#FFFFFF	33
4251	#FFFFFF	33
4252	#FFFFFF	33
4253	#FFFFFF	33
4254	#FFFFFF	33
4255	#FFFFFF	33
4256	#FFFEFE	255
4257	#FFFFFF	37
4258	#FFFFFF	37
4259	#FFFFFF	37
4260	#FFFFFF	273
4261	#FFFFFF	273
4262	#FFFFFF	273
4263	#FFFFFF	273
4264	#FFFFFF	37
4265	#FFFFFF	37
4266	#FFFFFF	37
4267	#FFFFFF	33
4268	#FFFFFF	37
4269	#FFFFFF	33
4270	#FFFFFF	33
4271	#FFFFFF	33
4272	#FFFFFF	33
4273	#FFFFFF	33
4274	#FFFFFF	37
4275	#FFFFFF	37
4276	#FFFFFF	37
4277	#FFFFFF	37
4278	#FFFFFF	33
4279	#FFFFFF	37
4280	#FFFFFF	37
4281	#FFFFFF	37
4282	#FFFFFF	33
4283	#FFFFFF	33
4284	#FFFFFF	37
4285	#FFFFFF	37
4286	#FFFFFF	37
4287	#FFFFFF	37
4288	#FFFFFF	37
4289	#FFFEFE	255
4290	#FFFFFF	33
4291	#FFFFFF	33
4292	#FFFFFF	33
4293	#FFFFFF	33
4295	#FFFEFE	255
4296	#FFFEFE	255
4297	#FFFFFF	33
4298	#FFFFFF	33
4299	#FFFFFF	33
4300	#FFFFFF	33
4301	#FFFFFF	33
4302	#FFFFFF	33
4303	#FFFFFF	33
4304	#FFFFFF	33
4305	#FFFFFF	33
4306	#FFFFFF	37
4307	#E576A1	123
4308	#FFFFFF	37
4309	#FFFFFF	37
4310	#FFFFFF	273
4311	#FFFFFF	273
4312	#FFFFFF	273
4313	#FFFFFF	37
4314	#FFFFFF	37
4315	#FFFFFF	37
4316	#FFFFFF	37
4317	#FFFFFF	37
4318	#FFFFFF	33
4319	#FFFFFF	37
4320	#FFFFFF	37
4321	#FFFFFF	33
4322	#FFFFFF	33
4323	#FFFFFF	33
4324	#FFFFFF	37
4325	#FFFFFF	37
4326	#FFFFFF	37
4327	#FFFFFF	37
4328	#FFFFFF	37
4329	#FFFEFE	255
4330	#FFFFFF	37
4331	#FFFFFF	33
4332	#FFFFFF	33
4333	#FFFFFF	33
4334	#FFFFFF	33
4335	#FFFFFF	37
4336	#FFFFFF	37
4337	#FFFFFF	37
4338	#FFFFFF	37
4339	#FFFEFE	255
4340	#FFFFFF	33
4341	#FFFFFF	33
4342	#FFFFFF	33
4343	#FFFFFF	33
4345	#FFFEFE	255
4346	#E576A1	123
4347	#FFFFFF	33
4348	#FFFFFF	33
4349	#FFFFFF	33
4350	#FFFFFF	33
4351	#FFFFFF	33
4352	#FFFFFF	33
4353	#FFFFFF	33
4354	#FFFFFF	33
4355	#FFFFFF	33
4356	#FFFFFF	33
4357	#E576A1	123
4358	#FFFFFF	33
4359	#FFFFFF	37
4360	#FFFFFF	37
4361	#FFFFFF	273
4362	#FFFFFF	37
4363	#FFFFFF	273
4364	#FFFFFF	37
4365	#FFFFFF	37
4366	#FFFFFF	33
4367	#FFFFFF	37
4368	#FFFFFF	33
4369	#FFFFFF	37
4370	#FFFFFF	37
4371	#FFFFFF	37
4372	#FFFFFF	33
4373	#FFFFFF	33
4374	#FFFFFF	33
4375	#FFFFFF	37
4376	#FFFFFF	37
4377	#FFFFFF	37
4378	#FFFFFF	33
4379	#FFFEFE	255
4380	#FFFFFF	37
4381	#FFFFFF	37
4382	#FFFFFF	33
4383	#FFFFFF	37
4384	#FFFFFF	37
4385	#FFFFFF	33
4386	#FFFFFF	37
4387	#FFFFFF	37
4388	#FFFFFF	37
4389	#FFFFFF	37
4390	#FFFEFE	255
4391	#FFFEFE	255
4392	#FFFFFF	33
4393	#FFFFFF	33
4394	#FFFFFF	33
4396	#FFFEFE	255
4397	#E576A1	123
4398	#FFFFFF	33
4399	#FFFFFF	33
4400	#FFFFFF	33
4401	#FFFFFF	33
4402	#FFFFFF	33
4403	#FFFFFF	33
4404	#FFFFFF	33
4405	#FFFFFF	33
4406	#FFFFFF	33
4407	#FFFFFF	33
4408	#E576A1	123
4409	#FFFFFF	33
4410	#FFFFFF	37
4411	#FFFFFF	37
4412	#FFFFFF	37
4413	#FFFFFF	37
4414	#FFFFFF	37
4415	#FFFFFF	37
4416	#FFFFFF	33
4417	#FFFFFF	33
4418	#FFFFFF	37
4419	#FFFEFE	255
4420	#FFFFFF	37
4421	#FFFFFF	37
4422	#FFFFFF	37
4423	#FFFFFF	33
4424	#FFFFFF	33
4425	#FFFFFF	33
4426	#FFFFFF	37
4427	#FFFFFF	37
4428	#FFFFFF	33
4429	#FFFFFF	33
4430	#FFFEFE	255
4431	#FFFFFF	37
4432	#FFFFFF	37
4433	#FFFFFF	33
4434	#FFFFFF	37
4435	#FFFFFF	33
4436	#FFFFFF	33
4437	#FFFFFF	37
4438	#FFFFFF	37
4439	#FFFFFF	37
4440	#FFFEFE	255
4441	#FFFFFF	33
4442	#FFFEFE	255
4443	#FFFFFF	33
4444	#FFFFFF	33
4446	#FFFEFE	255
4447	#E576A1	123
4448	#FFFFFF	33
4449	#FFFFFF	33
4450	#FFFFFF	33
4451	#FFFFFF	33
4452	#FFFFFF	33
4453	#FFFFFF	33
4454	#FFFFFF	33
4455	#FFFFFF	33
4456	#FFFFFF	33
4457	#FFFFFF	33
4458	#FFFEFE	255
4459	#FFFFFF	33
4460	#FFFFFF	37
4461	#FFFFFF	37
4462	#FFFFFF	37
4463	#FFFFFF	37
4464	#FFFFFF	37
4465	#FFFFFF	33
4466	#FFFFFF	33
4467	#FFFFFF	33
4468	#FFFFFF	37
4469	#FFFEFE	255
4470	#FFFFFF	37
4471	#FFFFFF	37
4472	#FFFFFF	37
4473	#FFFFFF	33
4474	#FFFFFF	33
4475	#FFFFFF	33
4476	#FFFFFF	37
4477	#FFFFFF	33
4478	#FFFFFF	37
4479	#FFFFFF	33
4480	#FFFEFE	255
4481	#FFFFFF	37
4482	#FFFFFF	37
4483	#FFFFFF	33
4484	#FFFFFF	33
4485	#FFFFFF	37
4486	#FFFFFF	37
4487	#FFFFFF	37
4488	#FFFFFF	37
4489	#FFFFFF	37
4490	#FFFFFF	33
4491	#FFFEFE	255
4492	#FFFFFF	33
4493	#FFFEFE	255
4494	#FFFEFE	255
4495	#FFFFFF	33
4497	#FFFEFE	255
4498	#FFFEFE	255
4499	#FFFFFF	33
4500	#FFFFFF	33
4501	#FFFFFF	33
4502	#FFFFFF	33
4503	#FFFFFF	33
4504	#FFFFFF	33
4505	#FFFFFF	33
4506	#FFFFFF	33
4507	#FFFFFF	33
4508	#FFFFFF	33
4509	#CD1076	174
4510	#FFFFFF	33
4511	#FFFFFF	37
4512	#FFFFFF	37
4513	#FFFFFF	37
4514	#FFFFFF	37
4515	#FFFFFF	37
4516	#FFFFFF	33
4517	#FFFFFF	33
4518	#FFFFFF	37
4519	#FFFFFF	37
4520	#FFFEFE	255
4521	#FFFFFF	37
4522	#FFFFFF	37
4523	#FFFFFF	33
4524	#FFFFFF	37
4525	#FFFFFF	37
4526	#FFFFFF	33
4527	#FFFFFF	37
4528	#FFFFFF	33
4529	#FFFFFF	33
4530	#FFFFFF	33
4531	#FFFEFE	255
4532	#FFFFFF	37
4533	#FFFFFF	37
4534	#FFFFFF	33
4535	#FFFFFF	33
4536	#FFFFFF	37
4537	#FFFFFF	37
4538	#FFFFFF	37
4539	#FFFFFF	37
4540	#FFFFFF	33
4541	#FFFFFF	33
4542	#FFFEFE	255
4543	#FFFEFE	255
4544	#FFFFFF	33
4545	#FFFEFE	255
4547	#FFFFFF	2
4548	#FFFFFF	2
4549	#FFFFFF	2
4550	#FFFFFF	2
4551	#FFFFFF	33
4552	#FFFFFF	33
4553	#FFFFFF	33
4554	#FFFFFF	33
4555	#FFFFFF	33
4556	#FFFFFF	33
4557	#FFFFFF	33
4558	#FFFFFF	33
4559	#FFFFFF	2
4560	#FFFFFF	37
4561	#FFFFFF	37
4562	#FFFFFF	37
4563	#FFFFFF	37
4564	#FFFFFF	37
4565	#FFFFFF	37
4566	#FFFFFF	33
4567	#FFFFFF	33
4568	#FFFFFF	33
4569	#FFFFFF	33
4570	#FFFFFF	2
4571	#FFFFFF	33
4572	#FFFFFF	33
4573	#FFFFFF	33
4574	#FFFFFF	33
4575	#FFFFFF	33
4576	#FFFFFF	33
4577	#FFFFFF	33
4578	#FFFFFF	33
4579	#FFFFFF	33
4580	#FFFFFF	33
4581	#FFFFFF	33
4582	#FFFFFF	33
4583	#FFFFFF	33
4584	#FFFFFF	33
4585	#FFFFFF	33
4586	#FFFFFF	33
4587	#FFFFFF	33
4588	#FFFFFF	33
4589	#FFFFFF	33
4590	#FFFFFF	33
4591	#FFFFFF	33
4592	#FFFFFF	33
4593	#FFFFFF	33
4594	#FFFFFF	33
4595	#FFFFFF	33
4596	#FFFFFF	2
4598	#FFFFFF	2
4599	#FFFFFF	2
4600	#FFFFFF	2
4601	#FFFFFF	2
4602	#FFFFFF	33
4603	#FFFFFF	33
4604	#FFFFFF	33
4605	#FFFFFF	33
4606	#FFFFFF	33
4607	#FFFFFF	33
4608	#FFFFFF	33
4609	#FFFFFF	33
4610	#FFFFFF	2
4611	#FFFFFF	37
4612	#FFFFFF	37
4613	#FFFFFF	37
4614	#FFFFFF	37
4615	#FFFFFF	37
4616	#FFFFFF	33
4617	#FFFFFF	33
4618	#FFFFFF	33
4619	#FFFFFF	33
4620	#FFFFFF	33
4621	#FFFFFF	2
4622	#FFFFFF	33
4623	#FFFFFF	33
4624	#FFFFFF	33
4625	#FFFFFF	33
4626	#FFFFFF	33
4627	#FFFFFF	33
4628	#FFFFFF	33
4629	#FFFFFF	33
4630	#FFFFFF	33
4631	#FFFFFF	33
4632	#FFFFFF	33
4633	#FFFFFF	33
4634	#FFFFFF	33
4635	#FFFFFF	33
4636	#FFFFFF	33
4637	#FFFFFF	33
4638	#FFFFFF	33
4639	#FFFFFF	33
4640	#FFFFFF	33
4641	#FFFFFF	33
4642	#FFFFFF	33
4643	#FFFFFF	33
4644	#FFFFFF	33
4645	#FFFFFF	33
4646	#FFFFFF	2
4648	#FFFFFF	2
4649	#FFFFFF	2
4650	#FFFFFF	2
4651	#FFFFFF	2
4652	#FFFFFF	33
4653	#FFFFFF	2
4654	#FFFFFF	33
4655	#FFFFFF	33
4656	#FFFFFF	33
4657	#FFFFFF	33
4658	#FFFFFF	33
4659	#FFFFFF	33
4660	#FFFFFF	2
4661	#FFFFFF	37
4662	#FFFFFF	33
4663	#FFFFFF	37
4664	#FFFFFF	33
4665	#FFFFFF	37
4666	#FFFFFF	37
4667	#FFFFFF	33
4668	#FFFFFF	33
4669	#FFFFFF	33
4670	#FFFFFF	33
4671	#FFFFFF	2
4672	#FFFFFF	33
4673	#FFFFFF	33
4674	#FFFFFF	33
4675	#FFFFFF	33
4676	#FFFFFF	33
4677	#FFFFFF	33
4678	#FFFFFF	33
4679	#FFFFFF	33
4680	#FFFFFF	33
4681	#FFFFFF	33
4682	#FFFFFF	2
4683	#FFFFFF	33
4684	#FFFFFF	33
4685	#FFFFFF	33
4686	#FFFFFF	33
4687	#FFFFFF	33
4688	#FFFFFF	33
4689	#FFFFFF	33
4690	#FFFFFF	33
4691	#FFFFFF	33
4692	#FFFFFF	33
4693	#FFFFFF	33
4694	#FFFFFF	33
4695	#FFFFFF	33
4696	#FFFFFF	33
4697	#FFFFFF	33
4699	#FFFFFF	2
4700	#FFFFFF	2
4701	#FFFFFF	2
4702	#FFFFFF	2
4703	#FFFFFF	2
4704	#FFFFFF	33
4705	#FFFFFF	33
4706	#FFFFFF	33
4707	#FFFFFF	33
4708	#FFFFFF	33
4709	#FFFFFF	33
4710	#FFFFFF	37
4711	#FFFFFF	2
4712	#FFFFFF	33
4713	#FFFFFF	33
4714	#FFFFFF	33
4715	#FFFFFF	33
4716	#FFFFFF	37
4717	#FFFFFF	33
4718	#FFFFFF	33
4719	#FFFFFF	33
4720	#FFFFFF	33
4721	#FFFFFF	33
4722	#FFFFFF	2
4723	#FFFFFF	33
4724	#FFFFFF	33
4725	#FFFFFF	33
4726	#FFFFFF	33
4727	#FFFFFF	33
4728	#FFFFFF	33
4729	#FFFFFF	33
4730	#FFFFFF	33
4731	#FFFFFF	33
4732	#FFFFFF	33
4733	#FFFFFF	2
4734	#FFFFFF	33
4735	#FFFFFF	33
4736	#FFFFFF	33
4737	#FFFFFF	33
4738	#FFFFFF	33
4739	#FFFFFF	33
4740	#FFFFFF	33
4741	#FFFFFF	16
4742	#FFFFFF	16
4743	#FFFFFF	2
4744	#FFFFFF	33
4745	#FFFFFF	33
4746	#FFFFFF	33
4747	#FFFFFF	33
4749	#FFFFFF	2
4750	#FFFFFF	2
4751	#FFFFFF	2
4752	#FFFFFF	2
4753	#FFFFFF	2
4754	#FFFFFF	33
4755	#FFFFFF	33
4756	#FFFFFF	33
4757	#FFFFFF	33
4758	#FFFFFF	2
4759	#FFFFFF	33
4760	#FFFFFF	33
4761	#FFFFFF	2
4762	#FFFFFF	33
4763	#FFFFFF	33
4764	#FFFFFF	33
4765	#FFFFFF	33
4766	#FFFFFF	33
4767	#FFFFFF	37
4768	#FFFFFF	37
4769	#FFFFFF	33
4770	#FFFFFF	33
4771	#FFFFFF	33
4772	#FFFFFF	2
4773	#FFFFFF	33
4774	#FFFFFF	33
4775	#FFFFFF	33
4776	#FFFFFF	33
4777	#FFFFFF	33
4778	#FFFFFF	33
4779	#FFFFFF	33
4780	#FFFFFF	33
4781	#FFFFFF	33
4782	#FFFFFF	33
4783	#FFFFFF	2
4784	#FFFFFF	33
4785	#FFFFFF	33
4786	#FFFFFF	33
4787	#FFFFFF	33
4788	#FFFFFF	33
4789	#FFFFFF	33
4790	#FFFFFF	33
4791	#FFFFFF	33
4792	#FFFFFF	16
4793	#FFFFFF	16
4794	#FFFFFF	2
4795	#FFFFFF	33
4796	#FFFFFF	33
4797	#FFFFFF	33
4798	#FFFFFF	33
4800	#FFFFFF	2
4801	#FFFFFF	2
4802	#FFFFFF	2
4803	#FFFFFF	2
4804	#FFFFFF	2
4805	#FFFFFF	33
4806	#FFFFFF	33
4807	#FFFFFF	33
4808	#FFFFFF	33
4809	#FFFFFF	2
4810	#FFFFFF	2
4811	#FFFFFF	33
4812	#FFFFFF	2
4813	#FFFFFF	33
4814	#FFFFFF	2
4815	#FFFFFF	33
4816	#FFFFFF	33
4817	#FFFFFF	33
4818	#FFFFFF	37
4819	#FFFFFF	33
4820	#FFFFFF	33
4821	#FFFFFF	33
4822	#FFFFFF	33
4823	#FFFFFF	2
4824	#FFFFFF	33
4825	#FFFFFF	33
4826	#FFFFFF	33
4827	#FFFFFF	33
4828	#FFFFFF	33
4829	#FFFFFF	33
4830	#FFFFFF	33
4831	#FFFFFF	33
4832	#FFFFFF	33
4833	#FFFFFF	33
4834	#FEF5F8	54
4835	#FFFFFF	33
4836	#FFFFFF	33
4837	#FFFFFF	33
4838	#FFFFFF	33
4839	#FFFFFF	33
4840	#FFFFFF	33
4841	#FFFFFF	16
4842	#FFFFFF	16
4843	#FFFFFF	33
4844	#FEF5F8	54
4845	#FFFFFF	33
4846	#FFFFFF	33
4847	#FFFFFF	33
4848	#FFFFFF	33
4850	#FFFFFF	2
4851	#FFFFFF	2
4852	#FFFFFF	33
4853	#FFFFFF	2
4854	#FFFFFF	2
4855	#FFFFFF	2
4856	#FFFFFF	33
4857	#FFFFFF	33
4858	#FFFFFF	33
4859	#FFFFFF	33
4860	#FFFFFF	2
4861	#FFFFFF	2
4862	#FFFFFF	2
4863	#FFFFFF	33
4864	#FFFFFF	33
4865	#FFFFFF	2
4866	#FFFFFF	33
4867	#FFFFFF	33
4868	#FFFFFF	37
4869	#FFFFFF	37
4870	#FFFFFF	33
4871	#FFFFFF	33
4872	#FFFFFF	33
4873	#FFFFFF	2
4874	#FFFFFF	33
4875	#FFFFFF	33
4876	#FFFFFF	33
4877	#FFFFFF	33
4878	#FFFFFF	33
4879	#FFFFFF	33
4880	#FFFFFF	33
4881	#FFFFFF	33
4882	#FFFFFF	33
4883	#FFFFFF	33
4884	#FFFFFF	2
4885	#FFFFFF	33
4886	#FFFFFF	33
4887	#FFFFFF	33
4888	#FFFFFF	33
4889	#FFFFFF	33
4890	#FFFFFF	33
4891	#FFFFFF	33
4892	#FFFFFF	16
4893	#FFFFFF	16
4894	#FFFFFF	33
4895	#FEF5F8	54
4896	#FEF5F8	54
4897	#FFFFFF	33
4898	#FFFFFF	33
4899	#FFFFFF	33
4901	#FFFFFF	2
4902	#FFFFFF	2
4903	#FFFFFF	2
4904	#FFFFFF	2
4905	#FFFFFF	2
4906	#FFFFFF	2
4907	#FFFFFF	33
4908	#FFFFFF	33
4909	#FFFFFF	33
4910	#FFFFFF	2
4911	#FFFFFF	2
4912	#FFFFFF	2
4913	#FFFFFF	2
4914	#FFFFFF	2
4915	#FFFFFF	2
4916	#FFFFFF	33
4917	#FFFFFF	33
4918	#FFFFFF	37
4919	#FFFFFF	37
4920	#FFFFFF	33
4921	#FFFFFF	33
4922	#FFFFFF	33
4923	#FFFFFF	33
4924	#FFFFFF	2
4925	#FFFFFF	33
4926	#FFFFFF	33
4927	#FFFFFF	33
4928	#FFFFFF	33
4929	#FFFFFF	33
4930	#FFFFFF	33
4931	#FFFFFF	33
4932	#FFFFFF	33
4933	#FFFFFF	33
4934	#FFFFFF	33
4935	#FEF5F8	54
4936	#FFFFFF	33
4937	#FFFFFF	33
4938	#FFFFFF	33
4939	#FFFFFF	33
4940	#FFFFFF	33
4941	#FFFFFF	33
4942	#FFFFFF	33
4943	#FFFFFF	33
4944	#FFFFFF	33
4945	#FEF5F8	54
4946	#FEF5F8	54
4947	#FFFFFF	33
4948	#FFFFFF	33
4949	#FFFFFF	33
4951	#FFFFFF	2
4952	#FFFFFF	2
4953	#FFFFFF	2
4954	#FFFFFF	33
4955	#FFFFFF	33
4956	#FFFFFF	2
4957	#FFFFFF	33
4958	#FFFFFF	33
4959	#FFFFFF	33
4960	#FFFFFF	33
4961	#FFFFFF	2
4962	#FFFFFF	2
4963	#FFFFFF	2
4964	#FFFFFF	2
4965	#FFFFFF	2
4966	#FFFFFF	33
4967	#FFFFFF	33
4968	#FFFFFF	33
4969	#FFFFFF	37
4970	#FFFFFF	33
4971	#FFFFFF	33
4972	#FFFFFF	33
4973	#FFFFFF	33
4974	#FFFFFF	2
4975	#FFFFFF	33
4976	#FFFFFF	33
4977	#FFFFFF	33
4978	#FFFFFF	33
4979	#FFFFFF	33
4980	#FFFFFF	33
4981	#FFFFFF	33
4982	#FFFFFF	33
4983	#FFFFFF	33
4984	#FFFFFF	33
4985	#FFFFFF	2
4986	#FFFFFF	33
4987	#FFFFFF	33
4988	#FFFFFF	33
4989	#FFFFFF	33
4990	#FFFFFF	33
4991	#FFFFFF	33
4992	#FFFFFF	33
4993	#FFFFFF	33
4994	#FFFFFF	33
4995	#FFFFFF	33
4996	#FEF5F8	54
4997	#FEF5F8	54
4998	#FEF5F8	54
4999	#FFFFFF	33
5000	#FFFFFF	33
5002	#FFFFFF	2
5003	#FFFFFF	2
5004	#FFFFFF	33
5005	#FFFFFF	33
5006	#FFFFFF	33
5007	#FFFFFF	2
5008	#FFFFFF	33
5009	#FFFFFF	33
5010	#FFFFFF	2
5011	#FFFFFF	33
5012	#FFFFFF	2
5013	#FFFFFF	2
5014	#FFFFFF	2
5015	#FFFFFF	2
5016	#FFFFFF	2
5017	#FFFFFF	2
5018	#FFFFFF	33
5019	#FFFFFF	37
5020	#FFFFFF	33
5021	#FFFFFF	33
5022	#FFFFFF	33
5023	#FFFFFF	33
5024	#FFFFFF	33
5025	#FFFFFF	2
5026	#FFFFFF	33
5027	#FFFFFF	33
5028	#FFFFFF	33
5029	#FFFFFF	33
5030	#FFFFFF	33
5031	#FFFFFF	33
5032	#FFFFFF	33
5033	#FFFFFF	33
5034	#FFFFFF	33
5035	#FFFFFF	33
5036	#FEF5F8	54
5037	#FFFFFF	33
5038	#FFFFFF	33
5039	#FFFFFF	33
5040	#FFFFFF	33
5041	#FFFFFF	33
5042	#FFFFFF	33
5043	#FFFFFF	33
5044	#FFFFFF	33
5045	#FFFFFF	33
5046	#FEF5F8	54
5047	#FEF5F8	54
5048	#FEF5F8	54
5049	#FFFFFF	33
5050	#FFFFFF	33
5052	#FFFFFF	2
5053	#FFFFFF	2
5054	#FFFFFF	33
5055	#FFFFFF	2
5056	#FFFFFF	2
5057	#FFFFFF	33
5058	#FFFFFF	2
5059	#FFFFFF	2
5060	#FFFFFF	2
5061	#FFFFFF	2
5062	#FFFFFF	2
5063	#FFFFFF	2
5064	#FFFFFF	2
5065	#FFFFFF	2
5066	#FFFFFF	2
5067	#FFFFFF	2
5068	#FFFFFF	2
5069	#FFFFFF	33
5070	#FFFFFF	33
5071	#FFFFFF	33
5072	#FFFFFF	33
5073	#FFFFFF	33
5074	#FFFFFF	33
5075	#FFFFFF	2
5076	#FFFFFF	33
5077	#FFFFFF	33
5078	#FFFFFF	33
5079	#FFFFFF	33
5080	#FFFFFF	33
5081	#FFFFFF	33
5082	#FFFFFF	33
5083	#FFFFFF	33
5084	#FFFFFF	33
5085	#FFFFFF	33
5086	#FEF5F8	54
5087	#FFFFFF	33
5088	#FFFFFF	33
5089	#FFFFFF	33
5090	#FFFFFF	33
5091	#FFFFFF	33
5092	#FFFFFF	33
5093	#FFFFFF	33
5094	#FFFFFF	33
5095	#FFFFFF	16
5096	#FFFFFF	16
5097	#FEF5F8	54
5098	#FEF5F8	54
5099	#FEF5F8	54
5100	#FEF5F8	54
5101	#FFFFFF	33
