x	y
0.713410605725141	0.42287595583578
2.29544529107445	1.18269347892677
0.823386615780526	0.441396581332826
2.15502378047441	2.15809042808496
0.351248433032657	0.232193278521322
0.623555206668978	0.385252059629654
0.998146299593642	0.504888309364307
-0.130326220858957	0.0591515674651173
1.02020827842074	0.843846147475062
0.52842691070946	0.273639827950373
0.312130405721635	0.135916655106528
1.50422701231834	0.776225144149063
1.26468899953309	0.565043424805758
0.897409632781767	0.239074487938704
0.630898786976229	0.394921723663228
-0.8436406043263	0.401240783430118
0.279422607277366	0.13908839612072
0.975253108493828	0.374382643647549
0.106076103579482	0.0271375857902757
-1.35513077497705	0.631221062643099
1.76161927611938	0.672492325190635
2.06022045362595	0.907142132207453
1.2052103004389	0.686397021980383
2.67847061503891	1.69145280929797
0.624661380483826	0.386124031694849
0.996107001909023	0.489645317314695
0.869150196046297	0.556430414324525
