x	y	clickSelects
-0.0621976749266899	0.498036356116567	251
-0.06281189019705	0.499086902087402	83
-0.06281189019705	0.499086902087402	170
-0.06281189019705	0.499086902087402	126
-0.0580387894889201	0.492149913171292	17
-0.0621976749266899	0.498036356116567	222
-0.0580387894889201	0.492149913171292	222
-0.0621976749266899	0.498036356116567	17
-0.0621976749266899	0.498036356116567	17
-0.0580387894889201	0.492149913171292	17
-0.06281189019705	0.499086902087402	17
-0.0621976749266899	0.498036356116567	17
-0.0621976749266899	0.498036356116567	17
-0.0580387894889201	0.492149913171292	17
-0.0621976749266899	0.498036356116567	110
-0.06281189019705	0.499086902087402	279
-0.0621976749266899	0.498036356116567	279
-0.0621976749266899	0.498036356116567	279
-0.06281189019705	0.499086902087402	32
-0.06281189019705	0.499086902087402	32
-0.06281189019705	0.499086902087402	32
-0.0621976749266899	0.498036356116567	32
-0.06281189019705	0.499086902087402	32
-0.06281189019705	0.499086902087402	32
-0.0621976749266899	0.498036356116567	32
-0.0621976749266899	0.498036356116567	32
-0.06281189019705	0.499086902087402	32
-0.06281189019705	0.499086902087402	32
-0.06281189019705	0.499086902087402	32
-0.06281189019705	0.499086902087402	32
-0.06281189019705	0.499086902087402	32
-0.0621976749266899	0.498036356116567	145
-0.0621976749266899	0.498036356116567	145
-0.0580387894889201	0.492149913171292	145
-0.0621976749266899	0.498036356116567	145
-0.0621976749266899	0.498036356116567	145
-0.0621976749266899	0.498036356116567	145
-0.06281189019705	0.499086902087402	145
-0.0621976749266899	0.498036356116567	145
-0.0621976749266899	0.498036356116567	145
-0.0580387894889201	0.492149913171292	145
-0.0621976749266899	0.498036356116567	145
-0.0621976749266899	0.498036356116567	145
-0.0621976749266899	0.498036356116567	145
-0.0621976749266899	0.498036356116567	145
-0.06281189019705	0.499086902087402	145
-0.0621976749266899	0.498036356116567	5
-0.0580387894889201	0.492149913171292	5
-0.06281189019705	0.499086902087402	5
-0.0621976749266899	0.498036356116567	5
-0.06281189019705	0.499086902087402	5
-0.06281189019705	0.499086902087402	5
-0.06281189019705	0.499086902087402	5
-0.0580387894889201	0.492149913171292	76
-0.0580387894889201	0.492149913171292	76
-0.06281189019705	0.499086902087402	31
-0.0621976749266899	0.498036356116567	31
-0.0621976749266899	0.498036356116567	14
-0.0580387894889201	0.492149913171292	88
-0.06281189019705	0.499086902087402	88
-0.0621976749266899	0.498036356116567	11
-0.0621976749266899	0.498036356116567	11
-0.0580387894889201	0.492149913171292	11
0.0552948409484899	0.929458075805518	76
0.05876416087676	0.937516437756064	57
-0.06281189019705	0.499086902087402	88
-0.06281189019705	0.499086902087402	11
-0.06281189019705	0.499086902087402	11
-0.06281189019705	0.499086902087402	11
-0.0621976749266899	0.498036356116567	11
-0.0580387894889201	0.492149913171292	11
-0.06281189019705	0.499086902087402	11
-0.11589836131162	1.17338211499906	145
-0.06281189019705	0.499086902087402	14
-0.10312849125711	1.22317870956935	88
0.0539104101324202	0.937681976532649	88
-0.10265976352379	1.19626406306416	46
0.0602204536259499	0.907142132207453	124
-0.10644494577327	1.23565138391496	31
-0.1015316942919	1.20586324805855	229
0.05675152985819	0.936092688642164	88
-0.10849887266443	1.1860726905355	31
0.0525922148295099	0.931529457672877	14
0.0580703259170998	0.942295152924462	145
-0.06803645049299	1.61799017334149	145
0.0699412849751102	2.48819678300178	115
-0.0603061089511501	1.74190004544928	14
0.0512109244762802	0.907567255998971	29
0.0557279054660502	1.96529013058936	32
-0.10517863468318	1.21058629700499	29
-0.0574062673517299	1.7024833640741	187
-0.06281189019705	0.499086902087402	11
0.0495023714694201	1.4422960842068	145
0.0602204536259499	0.907142132207453	11
0.0419380274606702	1.82717394709601	14
-0.10883119654254	1.21810487696539	115
0.04838478334191	1.4216344505289	204
0.0532839852184899	0.930732681888577	11
0.0580703259170998	0.942295152924462	11
-0.10976619188001	1.20993026432664	292
0.0609154520789299	0.906668573519312	11
-0.0534096853560599	1.73316526324457	46
0.04736062595344	0.909544290896727	31
0.0566849156726801	0.92198690745039	11
-0.02253736367855	2.24310459571166	10
0.05321932151895	0.931755278641119	46
-0.0558256984424499	1.7514706326059	146
-0.11383110039398	1.17203876426516	3
-0.02555431556502	2.19841113695291	17
0.0591336575249302	0.848176157476507	10
0.0532839852184899	0.930732681888577	10
-0.0640499125513201	1.6754529579934	11
-0.0576084298522299	1.68827206394255	234
-0.05497710133358	1.74581125790488	234
0.0544020832798702	1.96042429508985	10
-0.1182867395459	1.15185027281419	234
0.0479887985613701	1.4136084416697	10
0.0571031724303501	1.90936215865139	10
0.0478660269559499	1.42681486399176	10
-0.0591015100171799	1.70033141135958	43
-0.11913091556698	2.03909280485927	43
-0.10676949175731	1.20643032854562	10
0.0519011951105401	0.925690152980776	247
-0.06281189019705	0.499086902087402	15
0.05605851814687	0.932705307277819	75
0.0594587511898701	0.919914851534439	15
-0.11510039252034	1.17000094820976	319
-0.10312849125711	1.22317870956935	74
0.0511427081115499	1.43373662128885	18
0.0512809874457898	1.40845651048439	18
0.05675152985819	0.936092688642164	274
0.0515129530272498	0.916416804665745	286
-0.0621976749266899	0.498036356116567	74
0.05321932151895	0.931755278641119	75
-0.02117971633817	2.25353992190392	66
-0.11178621178471	1.19397987234014	10
-0.10233055211031	1.21856018509254	28
-0.10850897975121	1.2009446761293	74
0.0687681901278601	2.44678798245731	287
0.0608454728316801	0.899481387157855	53
0.0540436327279101	1.37600312656243	53
0.0482542881113299	1.39999963797052	21
0.0589020408723702	1.4304792815155	264
-0.10724127871925	1.23674284890407	264
-0.11846249896604	2.02043379465543	319
-0.0603061089511501	1.74190004544928	163
-0.06123131320829	2.4925412210239	15
-0.11747330978169	2.02163074628679	18
-0.0621976749266899	0.498036356116567	75
-0.11023747506362	1.16725636007007	1
-0.0539009319719801	1.73758874411279	28
0.05675152985819	0.936092688642164	75
-0.0318802093386501	2.18612888793599	339
0.0566363229851601	1.97539825235519	69
-0.06281189019705	0.499086902087402	58
-0.10517863468318	1.21058629700499	58
-0.10838592946961	1.10432683976802	106
0.0539104101324202	0.937681976532649	128
0.0580703259170998	0.942295152924462	249
0.05675152985819	0.936092688642164	1
0.05813981615468	0.914054477395029	1
-0.05474737361071	1.72313263340766	64
-0.06750352560788	1.64518127987709	97
0.0552948409484899	0.929458075805518	33
0.0490743472519402	1.39875855825694	95
0.0581175600592898	1.36805266287501	16
0.0609154520789299	0.906668573519312	33
0.0580703259170998	0.942295152924462	1
-0.11890642519734	1.954924613374	293
0.0532839852184899	0.930732681888577	317
-0.01189062803913	2.24104820012333	33
0.0528597279034901	1.97727048229475	33
-0.06281189019705	0.499086902087402	317
-0.11056180756461	1.21361644633975	4
0.0531897152029099	1.43032376787672	197
-0.11215028802241	1.20471863231841	1
-0.10517863468318	1.21058629700499	1
0.05205421398996	1.40925348670467	113
0.05397650786756	0.923435462852232	113
0.0584799068999402	1.45190500591383	161
0.0580703259170998	0.942295152924462	1
-0.10971880299215	1.18910671196823	348
-0.11183051832543	1.1792744905836	34
0.0539104101324202	0.937681976532649	1
0.0523718965110098	1.41295721429938	8
-0.11183051832543	1.1792744905836	34
0.0480527427622599	0.915161417690973	1
-0.11167405947789	1.1674917501903	33
-0.0580387894889201	0.492149913171292	1
0.0525922148295099	0.931529457672877	1
-0.1059745212032	1.21160492289496	33
0.0539104101324202	0.937681976532649	1
0.0527621510213598	1.4704351917852	65
-0.10720975389643	1.18483990495355	16
0.0629306801001799	0.898452530365417	127
-0.0506508691880201	1.71823970177182	27
0.0503220399374502	1.44093222868911	27
-0.10803669510905	1.23131249822277	19
0.0580703259170998	0.942295152924462	22
0.0525922148295099	0.931529457672877	27
0.05644112956751	1.41035829344313	114
-0.10392551332638	1.22052330037863	27
0.0474352275383998	1.39576410068283	33
-0.0639511135898301	1.69968300132419	33
-0.10564769466856	1.22809614348174	16
0.0609154520789299	0.906668573519312	22
0.0486837010330001	1.43778073700995	6
0.0589020408723702	1.4304792815155	6
0.0605476307585602	1.40416456244562	6
0.0500834896175202	1.97151332995644	2
-0.06223647717022	2.43414219906359	16
0.0501937613996502	1.95929804945336	16
-0.09604529731239	1.11711014228937	22
0.05074951949373	1.41237381391709	22
0.0532839852184899	0.930732681888577	262
0.05358235027657	1.47241283514928	36
-0.05836664186305	1.72432393267121	6
